Camera chính,Chipset,Bộ nhớ trong,Màn hình ngoài,Thẻ sim,Camera ngoài,Sạc nhanh,CPU,RAM,Độ phân giải,name,Thương hiệu sản phẩm,Camera phụ,Phụ kiện đi kèm,Màu sắc,Tình trạng sản phẩm,Hãng,Công nghệ sạc,Nhà sản xuất,hỗ trợ mạng,Khả năng kết nối,Độ phân giải màn hình,"Kích thước, trọng lượng",Thương hiệu,Tình trạng SP,Hệ điều hành,Loại CPU,Màn hình,Công nghệ màn hình,Tính năng màn hình,Tình trạng máy,Kích thước,Màn Hinh Phụ,Thẻ nhớ,Hãng sản xuất,Kích thước màn hình,Dung lượng pin,GPU
,,,,,,,,,,iPhone 15 Pro Max 256GB Chính Hãng VN/A,,,,,,,,,,,,,,,,,,,,,,,,,,,
"48MP, 24 mm, ƒ/1.78, Camera góc siêu rộng: 12 MP, 13 mm, ƒ/2.2 Camera Tele 3x: 12 MP, 77 mm, ƒ/2.8 Camera Tele 2x: 12 MP, 48 mm, ƒ/1.78",A17 Pro,128GB,,,,,,8 GB,2556 x 1179 pixels,iPhone 15 Pro 128GB Chính Hãng VN/A,,,,,,Apple,,,,,,"146,6 x 70,6 x 8,25 mm / 187 g",,,iOS 17,,6.1 inches,,,,,,,,,,GPU 6 nhân mới
,,,,,,,,,,iPhone 15 Plus 128GB Chính Hãng VN/A,,,,,,,,,,,,,,,,,,,,,,,,,,,
Camera chính: 48MP Camera góc siêu rộng: 12MP Camera tele: 12MP,,128GB,,,,,Apple A16 Bionic,6GB,,iPhone 15 128GB Chính Hãng VN/A,,,,"Space Black, Starlight, Yellow, Green, Pink",,,,,,,,,Apple,,iOS 16,,6.1 inches,,,,,,,,,"4,352mAh",
,,,,,,,,,,iPhone 15 Pro Max 512GB Chính Hãng VN/A,,,,,,,,,,,,,,,,,,,,,,,,,,,
12MP - 12MP,,256 GB,,,,Sạc nhanh 25W,Snapdragon 8 Gen 2 for Galaxy,8Gb,,Samsung Galaxy Z Flip5 8GB 256GB Chính Hãng,,10 MP,,"Ocean Green,Lavender,Graphite Black,Cream",,,,,,,1080 x 2640 pixels,,,new,"Android 13, One UI 5.1",,,,,,,"3,4 inchs",,Samsung,6.7 inches,3700 mAh,
50MP - 12MP - 12MP,,256 GB,6.2inchs,,,Sạc nhanh 25W,Snapdragon 8 Gen 2 for Galaxy,12 GB,,Samsung Galaxy Z Fold5 12GB 256GB Chính Hãng,,10MP (bên ngoài) + 4MP (dưới màn hình),,"Blue,Black,Cream",,,,,,,1812 x 2176 pixels,,,new,"Android 13, One UI 5.1",,,,,,,,,Samsung,7.6 inches,4400mAh,
Camera chính: 48MP Camerra góc rộng: 12MP Camera Tele: 12MP,Apple A16 Bionic,256GB,,,,,6‑core CPU,6GB,,iPhone 15 256GB Chính Hãng VN/A,,12MP,,,,Apple,,,,,,,,,,,6.1 inches,,Dynamic Island HDR display True Tone Wide color (P3) Haptic Touch Lớp phủ oleophobia chống dấu vân tay Độ sáng tối đa: 2000 nits,,,,,,,,
"48 MP, (góc rộng), 0.8µm, PDAF 2 MP, f/2.4, (độ sâu) Quay phim: 1080p@30/60fps",,128GB,,,,,Snapdragon 4 Gen 1,6 GB,,Xiaomi Redmi Note 12 (5G) 6GB 128GB Box,,"8 MP, f/2.0, (góc rộng), 1/4"", 1.12µm Quay phim: 1080p@30fps",,"Black,Blue,Silver",,,,,,,,,Xiaomi,new,,,,,,,,,,,6.67 inches,Li-Po 5000 mAh,
,,,,,,,,,,iPhone 15 Pro Max 1TB Chính Hãng VN/A,,,,,,,,,,,,,,,,,,,,,,,,,,,
,,,,,,,,,,iPhone 15 Pro 256GB Chính Hãng VN/A,,,,,,,,,,,,,,,,,,,,,,,,,,,
,,,,,,,,,,iPhone 15 Plus 256GB Chính Hãng VN/A,,,,,,,,,,,,,,,,,,,,,,,,,,,
,,,,,,,,,,iPhone 15 Pro 512GB Chính Hãng VN/A,,,,,,,,,,,,,,,,,,,,,,,,,,,
,,,,,,,,,,iPhone 15 Pro 1TB Chính Hãng VN/A,,,,,,,,,,,,,,,,,,,,,,,,,,,
,,,,,,,,,,iPhone 15 Plus 512GB Chính Hãng VN/A,,,,,,,,,,,,,,,,,,,,,,,,,,,
,,,,,,,,,,iPhone 15 512GB Chính Hãng VN/A,,,,,,,,,,,,,,,,,,,,,,,,,,,
200MP - 10MP - 10MP,,256 GB,,,,Sạc nhanh 25W,Qualcomm SM8550 Snapdragon 8 Gen 2 (4 nm),8Gb,,Samsung Galaxy S23 Ultra (5G) 8GB 256GB Chính Hãng,,12MP,,"Green,Lavender,Cream,Aura Black,Sky Blue,Red",,,,,,,1440 x 3088 pixels (QHD+),,Samsung,new,,,,,,,,,,,6.8 inches,5000 mAh,
Camera chính: 48MP Camera góc siêu rộng: 12MP Camera tele: 12MP,,128GB,,"1 Nano SIM &amp; 1 eSIM, Hỗ trợ 5G",,,Apple A16 Bionic,6GB,,iPhone 14 Pro Max 128GB chính hãng VNA,,,,"Silver,Gold,Space Black,Deep Purple",,,,,,,,,Apple,new,iOS 16,,,,,,,,,Apple,6.7 inches,"4,352mAh",
Camera chính: 48MP Camera góc siêu rộng: 12MP Camera tele: 12MP,,256 GB,,"1 Nano SIM &amp; 1 eSIM, Hỗ trợ 5G",,,Apple A16 Bionic,6GB,,iPhone 14 Pro Max 256GB chính hãng VNA,,,,"Space Black,Deep Purple,Silver,Gold",,,,,,,,,Apple,new,iOS 16,,,,,,,,,Apple,6.7 inches,"4,352mAh",
Camera chính: 48MP Camera góc siêu rộng: 12MP Camera tele: 12MP,,128GB,,"2 Nano SIM (SIM 2 chung khe thẻ nhớ), Hỗ trợ 5G",,,Apple A16 Bionic,6GB,,iPhone 14 Pro 128GB chính hãng VN/A,,,,"Silver,Space Black,Gold,Deep Purple",,,,,,,,,,new,iOS 16,,,,,,,,,Apple,6.1 inch,"3,200mAh",
Camera chính: 48MP Camera góc siêu rộng: 12MP Camera tele: 12MP,,256 GB,,"2 Nano SIM (SIM 2 chung khe thẻ nhớ), Hỗ trợ 5G",,,Apple A16 Bionic,6GB,,iPhone 14 Pro 256GB chính hãng VNA,,,,"Deep Purple,Space Black,Silver,Gold",,,,,,,,,,new,iOS 16,,,,,,,,,Apple,6.1 inch,"3,200mAh",
Dual 12 MP,,64 GB,,1 nano SIM + 1 eSIM,,,Apple A13 Bionic (7 nm+),4 GB,,iPhone 11 64GB Chính hãng VN/A,,12 MP,,"Purple,Green,Yellow,Black,White",,,,,,,828 x 1792 pixels,,Apple,new,iOS 13,,,,,,,,,,6.1 inch,Li-Ion 3110mAh,
"Camera góc siêu rộng: 12MP, ƒ/2.4",,128 GB,,1 nano SIM + 1 eSIM,,,Apple A15,,,iPhone 13 128GB Chính hãng VN/A,,12 MP,,"Black,Blue,Pink,Red,Silver,Green",,,,,,,2532 x 1170 pixels,,,new,IOS 15,,,,,,,,,,"6,1 inches",3240mAh,
Dual 12 MP,,128 GB,,1 nano SIM + 1 eSIM,,,Apple A13 Bionic (7 nm+),4 GB,,iPhone 11 128GB Chính hãng VN/A,,12 MP,,"Yellow,Black,White,Green,Purple,Red",,,,,,,828 x 1792 pixels,,Apple,new,iOS 13,,,,,,,,,,6.1 inch,Li-Ion 3110mAh,
Dual 12 MP,,64 GB,,1 nano SIM + 1 eSIM,,,Apple A14 Bionic (5nm),4 GB,,iPhone 12 64GB Chính hãng VN/A,,12 MP,,"Blue,Green,Red,White,Black,Purple",,,,,,,1170 x 2532 pixels,,Apple,new,iOS 14,,,,,,,,,,6.1 inch,Li-Ion 2815 mAh,
Dual 12 MP,,128 GB,,1 nano SIM + 1 eSIM,,,Apple A14 Bionic (5nm),4 GB,,iPhone 12 128GB Chính hãng VN/A,,12 MP,,"Black,Blue,Green,Red,White,Purple",,,,,,,1170 x 2532 pixels,,Apple,new,iOS 14,,,,,,,,,,6.1 inch,Li-Ion 2815 mAh,
50MP - 10MP - 12MP,,256 GB,,,,Sạc nhanh 45W,Qualcomm SM8550 Snapdragon 8 Gen 2 (4 nm),8Gb,,Samsung Galaxy S23 Plus (5G) 8GB 256GB Chính Hãng,,12MP,,"Green,Lavender,Cream,Aura Black",,,,,,,1080 x 2340 pixels,,Samsung,new,"Android 13, One UI 5.1",,,,,,,,,,6.6 inch,4700 mAh,
Camera chính 12MP Camera góc siêu rộng 12MP,,128GB,,,,,Apple A15 Bionic,6 GB,,iPhone 14 Plus 128GB chính hãng VNA,,12MP khẩu độ f/1.9,,"Purple,Starlight,Aura Red,Aura Blue,Black,Yellow",,,,,,,,,,new,iOS 16,,,,,,,,,Apple,6.7 inches,,
4 cam (108MP + 12MP + 10MP + 10 MP),,128 GB,,2 nano SIM,,Sạc nhanh 45W,Snapdragon 8 Gen 1 8 nhân,8Gb,,Samsung Galaxy S22 Ultra (5G) 8GB 128GB Chính hãng,,40 MP,,"White,Black,Green,Burgundy",,,,,,,Quad HD+,,Samsung,new,"Android 12, One UI 4",,,,,New,,,,,"6,8 inches",Li-Po 5000mAh,
12MP - 12MP,,512 GB,,,,Sạc nhanh 25W,Snapdragon 8 Gen 2 for Galaxy,8Gb,,Samsung Galaxy Z Flip5 8GB 512GB Chính Hãng,,10 MP,,"Cream,Ocean Green,Lavender,Graphite Black",,,,,,,1080 x 2640 pixels,,,new,"Android 13, One UI 5.1",,,,,,,"3,4 inchs",,Samsung,6.7 inches,3700 mAh,
Camera góc rộng: 12MP Camera góc siêu rộng: 12MP,,128GB,,,,,Apple A15 Bionic,6 GB,,iPhone 14 128GB chính hãng VNA,,,,"Black,Starlight,Red,Blue,Purple,Yellow",,,,,,,,,,new,iOS 16,,,,Tần số quét 60Hz,,,,,Apple,"6,1 inches","3,279mAh",
50MP - 12MP - 12MP,,512GB,6.2inchs,,,Sạc nhanh 25W,Snapdragon 8 Gen 2 for Galaxy,12 GB,,Samsung Galaxy Z Fold5 12GB 512GB Chính Hãng,,10MP (bên ngoài) + 4MP (dưới màn hình),,"Blue,Black,Cream",,,,,,,1812 x 2176 pixels,,,new,"Android 13, One UI 5.1",,,,,,,,,Samsung,7.6 inches,4400mAh,
48MP - 8MP - 5MP,,128GB,,,,Sạc nhanh 25W,Dimensity 1080,8Gb,,Samsung Galaxy A34 (5G) 8GB 128GB Chính Hãng,,13 MP,,"Silver,Black,Green",,,,,,,1080 x 2400 pixels,,,new,"Android 13, One UI 5",,,,,,,,,Samsung,6.6 inch,5000 mAh,
50MP -12MP - 5MP,,128GB,,,,Sạc nhanh 25W,Exynos 1380,8Gb,,Samsung Galaxy A54 (5G) 8GB 128GB Chính Hãng,,32.0 MP,,"Green,Black,Purple",,,,,,,1080 x 2400 pixels,,,new,"Android 13, One UI 5.1",,,,,,,,,Samsung,6.4 inches,5000 mAh,
50MP – 10MP – 12MP,,128 GB,,2 nano SIM,,Sạc nhanh 25W,Snapdragon 8 Gen 1 8 nhân,8Gb,,Samsung Galaxy S22 Plus (5G) 8GB 128GB Chính hãng,,10 MP,,"Green,Pink Gold,Black,White",,,,,,,1080 x 2340 pixels (Full HD+),,Samsung,new,"Android 12, One UI 4",,,,,New,,,,,6.6 inches,4500 mAh,
50MP - 5MP - 2MP,,128GB,,,,15w,Chip Exynos 850,4GB,,Samsung Galaxy A14 (4G) 4GB 128GB Chính Hãng,,13MP,,"White,Red,Black",,,,,,,720 x 1600 pixels,,Samsung,new,"Android 13, One UI 5",,,,,,,,,,6.6 inch,Li-Po 5000 mAh,
200MP - 10MP - 10MP,,512GB,,,,Sạc nhanh 25W,Qualcomm SM8550 Snapdragon 8 Gen 2 (4 nm),12 GB,,Samsung Galaxy S23 Ultra (5G) 12GB 512GB Chính Hãng,,12MP,,"Green,Lavender,Cream,Aura Black",,,,,,,1440 x 3088 pixels (QHD+),,Samsung,new,,,,,,,,,,,6.8 inches,5000 mAh,
50MP - 10MP - 12MP,,256 GB,,,,Sạc nhanh 25W,Qualcomm SM8550 Snapdragon 8 Gen 2 (4 nm),8Gb,,Samsung Galaxy S23 (5G) 8GB 256GB Chính Hãng,,12MP,,"Green,Lavender,Cream,Aura Black",,,,,,,1080 x 2340 pixels,,Samsung,new,,,,,,,,,,,6.1 inch,3900 mAh,
"Camera góc rộng: 12 MP, f/1.8, PDAF, OIS Camera tele: 8 MP, f/2.4, 3x optical zoom Camera góc siêu rộng: 12 MP, f/2.2",,128GB,,2 SIM (Nano-SIM),,,Exynos 2100 (5nm),8 GB,,Samsung Galaxy S21 FE (5G) 8GB 128GB Chính hãng,,"32 MP, f/2.2",,"Black,Violet,White,Green",,,"Sạc nhanh: 25WSạc nhanh không dây 15WSạc không dây ngược 4,5W",,,,1080 x 2400 pixels (FullHD+),,Samsung,new,"Android 12, One UI 4",,,,,New,,,,,6.4 inches,4500 mAh,
"Camera chính: 12 MP, f/1.8 Camera tele: 8 MP, f/2.0, zoom quang 3x Camera góc siêu rộng: 12 MP, f/2.2",,256 GB,,2 SIM (Nano-SIM),,,Snapdragon 865,8 GB,,Samsung Galaxy S20 FE 256GB (Fan Edition) Chính hãng,,"32 MP, f/2.0, AF",,"Xanh Dương,Xanh Lá",,,,,,,,,,,"Android 10, One UI 2.5",,,,,,,,,,6.5 inches,"Li-Po 4500 mAh, sạc nhanh 25W, sạc không dây cho các thiết bị ngoại vi 5.4W",
Camera chính: 108MP Camera góc siêu rộng: 12MP Camera tele: 10MP (3x zoom),,256 GB,,,,,Snapdragon 8 Plus Gen 1,12 GB,,Samsung Galaxy Z Fold4 (5G) 12GB 256GB Chính hãng,,10MP (bên ngoài) + 4MP (dưới màn hình),,"Black,Gold,Green",,,,,,,,,Samsung,new,,,,AMOLED,,,,,,,7.6 inches,"4,400 mAh",
"Camera góc rộng: 12 MP, f/1.8, PDAF, OIS Camera góc siêu rộng: 12 MP, f/2.2, 123˚",,128 GB,,2 SIM (nano‑SIM và eSIM),,,Snapdragon 8+ Gen 1 (4 nm),8 GB,,Samsung Galaxy Z Flip4 (5G) 128GB Chính hãng,,"10 MP, f/2.4",,"Blue,Gold,Graphite Black,Violet",,,,,,,,,Samsung,new,"Android 12, One UI 4.1.1",,,Dynamic AMOLED 2X,"Màn hình chính: 6.7 inchesMàn hình phụ: 2.1 inches, Super AMOLED120Hz, HDR10+, 1200 nits (peak)",,,,,,6.7 inches,3700 mAh,
"Camera góc rộng: 12 MP, f/1.8, PDAF, OIS Camera góc siêu rộng: 12 MP, f/2.2, 123˚",,256 GB,,2 SIM (nano‑SIM và eSIM),,,Snapdragon 8+ Gen 1 (4 nm),6GB + Mở rộng 5GB,,Samsung Galaxy Z Flip4 (5G) 256GB Chính hãng,,"10 MP, f/2.4",,"Blue,Gold,Graphite Black,Violet",,,,,,,,,Samsung,new,"Android 12, One UI 4.1.1",,,Dynamic AMOLED 2X,"Màn hình chính: 6.7 inchesMàn hình phụ: 2.1 inches, Super AMOLED120Hz, HDR10+, 1200 nits (peak)",,,,,,6.7 inches,3700 mAh,
50MP -12MP - 5MP,,256 GB,,,,Sạc nhanh 25W,Exynos 1380,8Gb,,Samsung Galaxy A54 (5G) 8GB 256GB Chính Hãng,,32.0 MP,,"Green,Black,Purple",,,,,,,1080 x 2400 pixels,,,new,"Android 13, One UI 5.1",,,,,,,,,Samsung,6.4 inches,5000 mAh,
50MP + 2MP + 2MP,,128GB,,,,15w,MediaTek MT6833 Dimensity 700 (7 nm),4GB,,Samsung Galaxy A14 (5G) 4GB 128GB Chính Hãng,,13MP,,"White,Red,Black",,,,,,,1080 x 2408 pixels,,Samsung,new,"Android 13, One UI 5",,,,,,,,,,6.6 inch,Li-Po 5000 mAh,
50MP + 5MP + 2MP + 2MP,,128GB,,2 nano SIM,,Sạc nhanh 25W,Qualcomm SM6375 Snapdragon 695 5G (6 nm),4 GB,,Samsung Galaxy A23 (5G) 4GB 128GB Chính hãng,,Dual (8MP + 8MP),,"Blue,Black",,,,,,,1080 x 2408 pixels (Full HD+),,Samsung,new,"Android 12, One UI 4.1",,,,,,,,Hỗ trợ thẻ nhớ microSDXC,,6.6 inches,"5000 mAh, 25 W",
50MP + 2MP,,32 GB,,2 SIM (Nano-SIM),,,Helio P35,3 GB,,Samsung Galaxy A04 (4G) 3GB 32GB Chính hãng,,5 MP,,"Green,Black,Copper",,,,,,,720 x 1600 pixels,,Samsung,new,"Android 12, OneUI 4",8 lõi Cortex-A53 với xung nhịp 1.8 GHz,,IPS LCD,,,,,,,6.5 inches,5000 mAh,
"Camera chính góc rộng: 64 MP, f/1.8, PDAF, OIS Camera góc siêu rộng: 12 MP, f/2.2, 123˚ Camera macro: 5 MP, f/2.4 Cảm biến độ sâu: 5 MP, f/2.4",,128 GB,,2 SIM (Nano-SIM),,,Exynos 1280 8 nhân,8 GB,,Samsung Galaxy A53 (5g) 8GB 128GB Chính hãng,,"32 MP, f/2.2",,"Black,Blue,Orange,White",New,,,,,,1080 x 2400 pixels (FullHD+),,Samsung,,"Android 12, One UI 4",,,,,,,,,,6.5 inches,Li-Po 5000 mAh,
"Camera chính: 108 MP, f/1.8, PDAF, OIS Camera gó siêu rộng: 12 MP, f/2.2 Camera macro: 5 MP, f/2.4 Camera chân dung: 5 MP, f/2.4",,128GB,,2 SIM (Nano-SIM),,Sạc nhanh 25W,Snapdragon 778G 5G 8 nhân,8Gb,,Samsung Galaxy A73 (5G) 8GB 128GB Chính hãng,,"32 MP, f/2.2",Cáp Type C,"Green,White,Black",,,,,,,"Super AMOLED, 6.7"", Full HD+",,Samsung,new,"Android 12, One UI 4.1",,,,,,,,,,6.7 inches,5000 mAh,
4 cam (64MP + 8MP + 5MP + 5MP),,128 GB,,2 nano SIM,,,Mediatek Helio G80,6GB,,Samsung Galaxy A32 6GB 128GB Chính hãng,,20MP,,"Black,Blue,White,Purple",New,,,,,,Full HD+ (1080 x 2400 Pixels),,Samsung,,One UI 3.0,,,,,,,,Hỗ trợ thẻ nhớ 1TB,,6.4 inches,Li-lon 5000 mAh,
50MP - 10MP - 12MP,,512GB,,,,Sạc nhanh 45W,Qualcomm SM8550 Snapdragon 8 Gen 2 (4 nm),8Gb,,Samsung Galaxy S23 Plus (5G) 8GB 512GB Chính Hãng,,12MP,,"Green,Lavender,Cream,Aura Black",,,,,,,1080 x 2340 pixels,,Samsung,new,"Android 13, One UI 5.1",,,,,,,,,,6.6 inch,4700 mAh,
50MP – 10MP – 12MP,,256 GB,,2 nano SIM,,Sạc nhanh 25W,Snapdragon 8 Gen 1 8 nhân,8Gb,,Samsung Galaxy S22 Plus (5G) 8GB 256GB Chính hãng,,10 MP,,"Black,White,Green,Pink Gold",,,,,,,1080 x 2340 pixels (Full HD+),,Samsung,new,"Android 12, One UI 4",,,,,New,,,,,6.6 inch,Li-Po 4800mAh,
50MP - 8MP - 2MP,,128GB,,,,33w,Qualcomm Snapdragon 685 (6 nm),4GB,,Xiaomi Redmi Note 12 4GB 128GB Chính Hãng,,13 MP,,"Green,Blue,Black",,,,,,,1080 x 2400 pixels,,Xiaomi,new,"Android 13, MIUI 14",,,,,,,,,,6.67 inches,5000 mAh,
50Mp + 8MP + 2MP,,256 GB,,,,67W,MediaTek Dimensity 1080 (6 nm),12 GB,,Xiaomi Redmi Note 12 Pro(5G) 12GB 256GB Box,,16 MP,,"Blue,Black,Purple,White",,,,,,,1080 x 2400 pixels,,Xiaomi,new,"Androi 12, MIUI 13",,,,,,,,,,6.67 inches,5000 mAh,
50Mp + 8MP + 2MP,,256 GB,,,,67W,MediaTek Dimensity 1080 (6 nm),8Gb,,Xiaomi Redmi Note 12 Pro (5G) 8GB 256GB Box,,16 MP,,"Blue,Black,Purple,White",,,,,,,1080 x 2400 pixels,,Xiaomi,new,"Androi 12, MIUI 13",,,,,,,,,,6.67 inches,5000 mAh,
Camera chính: 48MP Camera góc siêu rộng: 12MP Camera tele: 12MP,,512GB,,"1 Nano SIM &amp; 1 eSIM, Hỗ trợ 5G",,,Apple A16 Bionic,6GB,,iPhone 14 Pro Max 512GB chính hãng VNA,,,,"Space Black,Deep Purple,Silver,Gold",,,,,,,,,Apple,new,iOS 16,,,,,,,,,Apple,6.7 inches,"4,352mAh",
50MP - 12MP - 12MP,,1 TB,6.2inchs,,,Sạc nhanh 25W,Snapdragon 8 Gen 2 for Galaxy,12 GB,,Samsung Galaxy Z Fold5 12GB 1TB Chính Hãng,,10MP (bên ngoài) + 4MP (dưới màn hình),,"Blue,Black,Cream",,,,,,,1812 x 2176 pixels,,,new,"Android 13, One UI 5.1",,,,,,,,,Samsung,7.6 inches,4400mAh,
50MP – 10MP – 12MP,,256 GB,,2 nano SIM,,Sạc nhanh 25W,Snapdragon 8 Gen 1 8 nhân,8 GB,,Samsung Galaxy S22 (5G) 8GB 256GB Chính hãng,,10 MP,,"Rose Gold,Aura White,Mystic Green,Aura Black",,,,,,,1080 x 2340 pixels (FullHD+),,Samsung,,"Android 12, One UI 4",,,,,New,,,,,6.1 inch,Li-lon 3700 mAh,
4 cam (108MP + 12MP + 10MP + 10 MP),,512GB,,2 nano SIM,,Sạc nhanh 25W,Snapdragon 8 Gen 1 8 nhân,12 GB,,Samsung Galaxy S22 Ultra (5G) 12GB 512GB Chính hãng,,40 MP,,"White,Burgundy,Black,Green",,,,,,,Quad HD+,,Samsung,new,"Android 12, One UI 4",,,,,New,,,,,"6,8 inches",Li-Po 5000mAh,
4 cam (108MP + 12MP + 10MP + 10 MP),,256 GB,,2 nano SIM,,Sạc nhanh 25W,Snapdragon 8 Gen 1 8 nhân,12 GB,,Samsung Galaxy S22 Ultra (5G) 12GB 256GB Chính hãng,,40 MP,,"White,Burgundy,Black,Green",,,,,,,Quad HD+,,Samsung,new,"Android 12, One UI 4",,,,,New,,,,,"6,8 inches",Li-Po 5000mAh,
50MP – 10MP – 12MP,,128 GB,,2 nano SIM,,Sạc nhanh 45W,Snapdragon 8 Gen 1 8 nhân,8Gb,,Samsung Galaxy S22 (5G) 8GB 128GB Chính hãng,,10 MP,,"Aura Black,Aura White,Mystic Green,Rose Gold",,,,,,,1080 x 2340 pixels (Full HD+),,Samsung,,"Android 12, One UI 4",,,,,New,,,,,6.1 inch,Li-Po 3700mAh,
Camera chính: 48MP Camera góc siêu rộng: 12MP Camera tele: 12MP,,512GB,,"2 Nano SIM (SIM 2 chung khe thẻ nhớ), Hỗ trợ 5G",,,Apple A16 Bionic,6GB,,iPhone 14 Pro 512GB chính hãng VNA,,,,"Deep Purple,Space Black,Silver,Gold",,,,,,,,,,new,iOS 16,,,,,,,,,Apple,6.1 inch,"3,200mAh",
Camera chính 12MP Camera góc siêu rộng 12MP,,256 GB,,,,,Apple A15 Bionic,6 GB,,iPhone 14 Plus 256GB chính hãng VNA,,12MP khẩu độ f/1.9,,"Purple,Starlight,Aura Red,Aura Blue,Black,Yellow",,,,,,,,,,new,iOS 16,,,,,,,,,Apple,6.7 inches,,
Camera góc rộng: 12MP Camera góc siêu rộng: 12MP,,256 GB,,,,,Apple A15 Bionic,6 GB,,iPhone 14 256GB chính hãng VNA,,,,"Black,Purple,Starlight,Red,Blue,Yellow",,,,,,,,,,new,iOS 16,,,,,,,,,Apple,6.1 inch,"3,279mAh",
Cảm biến LiDAR,,512 GB,,1 nano SIM + 1 eSIM,,,Apple A15 Bionic Chip,6 GB,,iPhone 13 Pro 512GB Chính hãng VN/A,,12 MP,,"Black,Blue,Gold,Silver,Green",,,,,,,,,Apple,new,IOS 15,,,,,,,,,,"6,1 inches",3095,
13MP - 2MP,,32GB,,,,,Helio P35 (12nm),3GB,,Samsung Galaxy A04e 4GB  3GB 32GB Chính Hãng,,5MP,,"Black, Blue, Copper",,,,,,,720 x 1600 pixels,,,New,"Android 12, One UI Core 4.1",,,,,,,,,Samsung,6.5 inches,5000 mAh,
48MP - 2MP - 2MP,,128GB,,,,18W,Dimensity 700 (7 nm),6GB,,Xiaomi Poco M3 Pro (5G) 6GB 128GB Chính Hãng,,8MP,,"Black, Blue, Yellow",,,,,,,1080 x 2400 pixels,,,New,"Android 11, MIUI 12",,,,,,,,,Xisaomi,6.5 inches,5000 mAh,
"50MP - 0,8MP",,64GB,,,,33W,Unisoc Tiger T612 (12 nm),3GB,,Realme C51 3GB 64GB Chính Hãng,,5MP,,"Black, Green",,,,,,,720 x 1600 pixels,,Realme,New,"Android 13, Realme UI T",,,,,,,,,Realme,6.74 inches,Li-Po 5000 mAh,
"50MP - 2MP - 0,8MP",,128GB,,,,18W,Helio G85 (12nm),4GB,,XIaomi Redmi 13C 4GB 128GB Chính Hãng,,8MP,,"Black, Blue, Green",,,,,,,720 x 1600 pixels,,,New,"Android 13, MIUI 14",,,,,,,,,Xiaomi,6.74 inches,5000 mAh,
"8MP - 0,8MP",,32GB,,,,,Mediatek Helio G36 (12 nm),2GB,,Xiaomi Redmi A2 2GB 32GB Chính Hãng,,5MP,,"Black, Blue, Green",,,,,,,720 x 1600 pixels,,,New,Android 12 or 13,,,,,,,,,Xiaomi,6.52 inches,5000 mAh,
"50MP - 2MP - 0,8MP",,128GB,,,,18W,Helio G85 (12nm),6GB,,Xiaomi Redmi 13C 6GB 128GB Chính Hãng,,8MP,,"Black, Blue, Green",,,,,,,720 x 1600 pixels,,,New,"Android 13, MIUI 14",,,,,,,,,Xiaomi,6.74 inches,5000 mAh,
8MP,,128GB,,,,10W,Snapdragon 680 4G (6 nm),6GB,,Xiaomi Redmi Pad SE 6GB 128GB Box,,5MP,,"Gray, Purple, Mint",,,,,,,1200 x 1920 pixels,,,New,"Android 13, MIUI Pad 14",,,,,,,,,Xiaomi,11.0 inches,Li-Po 8000 mAh,
64MP – 8MP – 2MP,,256GB/512GB/1TB,,,,67W,Snapdragon 7+ Gen 2,8GB/12GB/16GB,,Xiaomi Redmi Note 12 Turbo Likenew Fullbox,,16MP,,"Black, Blue, White",,,,,,,1080 x 2400 pixels,,,New,"Android 13, MIUI 14",,,,,,,,,Xiaomi,6.67 inches,5000 mAh,
50MP - 8MP - 12MP,,128GB,,,,25W,Exynos 2200 (4 nm),8GB,,Samsung Galaxy S23 Fe 8GB 128GB Chính Hãng,,10MP,,"Mint, Cream, Graphite, Purple",,,,,,,1080 x 2340 pixels,,,New,"Android 13, One UI 5.1",,,,,,,,,Samsung,6.4 inches,4500mAh,
200MP - 8MP - 2MP,,256GB,,,,120W,Dimensity 1080 (6 nm),8GB/12GB,,Xiaomi Redmi Note 12 Pro Plus Likenew Fullbox,,16MP,,"Black, Blue, White",,,,,,,1080 x 2400 pixels,,,Likenew FUllbox,"Android 12, MIUI 13",,,,,,,,,Xiaomi,6.67 inches,5000mAh,
108MP - 8MP - 2MP,,256GB,,,,Sạc nhanh 120W,Snapdragon 8+ Gen 1 (4 nm),8GB/12GB,,Xiaomi Redmi K50 Ultra Likenew Fullbox,,20MP,,"Silver,Blue,Black",,,,,,,1220 x 2712 pixels,,,New,"Androi 12, MIUI 13",,,,,,,,,Xiaomi,6.67 inches,5000 mAh,
50MP - 50MP - 50MP,,512GB,,,,120W,Snapdragon 8 Gen 3 (4 nm),16GB,,Xiaomi 14 Pro (5G) 16GB 512GB Box,,32MP,,"Titanium, Black, Silver, Gree",,,,,,,1440 x 3200 pixels,,,New,"Android 14, HyperOS",,,,,,,,,Xiaomi,6.73 inche,,
50MP - 50MP - 50MP,,1TB,,,,90W,Snapdragon 8 Gen 3 (4 nm),16GB,,Xiaomi 14 (5G) 16GB 1TB Box,,32GB,,"Black, White, Pink, Green",,,,,,,1200 x 2670 pixels,,,New,"Android 14, HyperOS",,,,,,,,,Xiaomi,6.36 inches,4610 mAh,
50MP - 50MP - 50MP,,512GB,,,,90W,Snapdragon 8 Gen 3 (4 nm),16Gb,,Xiaomi 14 (5G) 16GB 512GB Box,,32MP,,"Black, White, Pink, Green",,,,,,,1200 x 2670 pixels,,,New,"Android 14, HyperOS",,,,,,,,,Xiaomi,6.36 inches,4610 mAh,
50MP - 50MP - 50MP,,256GB,,,,90W,Snapdragon 8 Gen 3 (4 nm),12GB,,Xiaomi 14 (5G) 12GB 256GB Box,,32MP,,"Black, White, Pink, Green",,,,,,,1200 x 2670 pixels,,,New,"Android 14, HyperOS",,,,,,,,,Xiaomi,6.36 inches,4610 mAh,
108MP - 8MP - 2MP,,256GB,,,,67W,MediaTek Dimensity 1080 (6 nm),12GB,,Realme 10 Pro Plus 12GB 256GB Box,,16MP,,"Black, White, Blue",,,,,,,1080 x 2412 pixels,,,New,"Android 13, Realme UI 4.0",,,,,,,,,Realme,6.7 inches,5000mAh,
50MP - 50MP - 50MP,,256GB,,,,120W,Snapdragon 8 Gen 3 (4 nm),12GB,,Xiaomi 14 Pro (5G) 12GB 256GB Box,,32MP,,"Titanium, Black, Silver, Green",,,,,,,1440 x 3200 pixels,,,,"Android 14, HyperOS",,,,,New,,,,Xiaomi,6.73 inches,,
50MP - 50MP - 50MP,,256GB,,,,90W,Snapdragon 8 Gen 3 (4 nm),8GB,,Xiaomi 14 (5G) 8GB 256GB Box,,32MP,,"Black, White, Pink, Green",,,,,,,1200 x 2670 pixels,,,New,"Android 14, HyperOS",,,,,,,,,Xiaomi,6.36 inches,4610 mAh,
64MP – 8MP – 2MP,,256GB,,,,67W,MediaTek Dimensity 8100 (5 nm),12GB,,Xiaomi Redmi Note 11T Pro (5G) 12GB 256GB Box,,16 MP,,"Black, Blue, Silver, White",,,,,,,1080 x 2460 pixels,,,New,"Androi 12, MIUI 13",,,,,,,,,Xiaomi,6.6 inches,5080mAh,
13MP - 0.3MP,,128GB,,,,,Mediatek,6GB,,Realme V30 6GB 128GB Box,,5MP,,"Black, Gold",,,,,,,720 x 1600 pixels,,,New,"Android 12, Realme UI 3.0",,,,,,,,5000 mAh,Realme,6.5 inches,5000 mAh,
4 cam (108MP + 12MP + 10MP + 10 MP),,"256GB, 512GB",,,,45W,Snapdragon 8 Gen 1 8 nhân,12GB,,Samsung Galaxy S22 Ultra (5G) Cũ Chính Hãng,,40 MP,,"White,Burgundy,Black,Green",,,,,,,Quad HD+,,,,"Android 12, One UI 4",,,,,,,,,Samsung,"6,8 inches",Li-Po 5000mAh,
50MP - 50MP - 50MP,,128GB,,,,120W,Snapdragon 8 Gen 2 (4 nm),8GB,,Xiaomi 13 Pro 8Gb 128GB - ĐKH,,32MP,,"Black, White",,,,,,,1440 x 3200 pixels,,,Likenew Fullbox,"Android 13, upgradable to Android 14, MIUI 14",,,,,,,,,Xiaomi,6.73 inches,4820mAh,
50MP - 13MP - 5MP,,128GB,,,,67W,Snapdragon 8+ Gen 1 (4 nm),8GB,,Xiaomi 12S 8GB 128GB Likenew Fullbox,,32MP,,"Black, Green, White, Purple",,,,,,,1080 x 2400 pixels,,,Likenew Fullbox,"Android 12, MIUI 13",,,,,,,,,Xiaomi,6.28 inches,4500mAh,
50MP - 50MP - 50MP,,128GB,,,,120W,Snapdragon 8+ Gen 1 (4 nm),8GB,,Xiaomi 12S Pro 8GB 128GB Likenew Fullbox,,32MP,,"Black, White, Green, Purple",,,,,,,1440 x 3200 pixels,,,Likenew Fullbox,"Android 12, MIUI 13",,,,,,,,,Xiaomi,6.73 inches,4600mAh,
200MP - 8MP - 2MP,,256G/512GB,,,,,Dimensity 7200 Ultra (4 nm),12GB,,Redmi Note 13 Pro Plus AAPE Trend Limited Edition,,16MP,,Green,,,,,,,1220 x 2712 pixels,,,New,"Android 13, MIUI 14",,,,,,,,,Xiaomi,6.67 inches,5000mAh,
200MP - 8MP - 2MP,,512GB,,,,120W,Dimensity 7200 Ultra (4 nm),16GB,,Xiaomi Redmi Note 13 Pro Plus (5G) 16GB 512GB Box,,16MP,,"Black, White, Violet",,,,,,,1220 x 2712 pixels,,,New,"Android 13, MIUI 14",,,,,,,,,Xiaomi,6.67 inches,5000mAh,
13+2+2 MP,,64GB,,,,15w,Exynos 850 (8nm),4GB,,Samsung Galaxy A04s (4G) 4GB 64GB chính hãng (Demo),,phụ	5 MP,,"Pink,Midnight Green,Black",,,,,,,1366 x 768 pixels (HD+),,,Nẻ,Android 12 One UI,,,,,,,,,Samsung,6.5 inches,5000mAh,
50MP + 2MP,,64GB,,,,,Helio P35,3GB,,Samsung Galaxy A04 (4G) 3GB 32GB Chính hãng (Demo),,5 MP,,"Green,Black,Copper",,,,,,,720 x 1600 pixels,,,New,"Android 12, OneUI 4",,,,,,,,,Samsung,6.5 inches,5000 mAh,
50MP - 5MP - 2MP,,128GB,,,,15W,Chip Exynos 850,4GB,,Samsung Galaxy A14 (4G) 4GB 128GB Chính Hãng (Demo),,13MP,,"White,Red,Black",,,,,,,720 x 1600 pixels,,,New,"Android 13, One UI 5",,,,,,,,,Samsung,6.6 inch,5000mAh,
50MP - 50MP - 12MP,,256GB,,,,67W,Dimensity 8200 Ultra,12GB,,Xiaomi 13T 12GB 256GB Chính Hãng,,20MP,,"Blue, Green",,,,,,,1220 x 2712 pixels,,,New,"Android 13, MIUI 14",,,,,,,,,Xiaomi,6.67 inches,5000 mAh,
50MP - 10MP - 12MP,,128GB,,,,25W,Qualcomm SM8550 Snapdragon 8 Gen 2 (4 nm),8GB,,Samsung Galaxy S23 (5G) 8GB 128GB Chính Hãng,,,,"Green,Lavender,Cream,Aura Black",,,,,,,1080 x 2340 pixels,,,New,Android 13,,,,,,,,,Samsung,6.1 inch,3900mAh,
50MP - 2MP,,128GB,,,,18W,Snapdragon 4 Gen 2 (4 nm),6GB,,Xiaomi Redmi Note 12R (5G) 6GB 128GB Box,,5MP,,"Black, Blue, Silver",,,,,,,1080 x 2460 pixels,,,New,"Android 13, MIUI 14",,,,,,,,,Xiaomi,6.79 inches,5000mAh,
200MP - 8MP - 2MP,,512GB,,,,120W,Dimensity 7200 Ultra (4 nm),12GB,,Xiaomi Redmi Note 13 Pro Plus (5G) 12GB 512GB Box,,16MP,,"Black, White, Violet",,,,,,,1220 x 2712 pixels,,,New,"Android 13, MIUI 14",,,,,,,,,Xiaomi,6.67 inches,5000mAh,
200MP - 8MP - 2MP,,256GB,,,,120W,Dimensity 7200 Ultra (4 nm),8GB,,Xiaomi Redmi Note 13 Pro Plus (5G) 12GB 256GB Box,,16MP,,"Black, White, Violet",,,,,,,1220 x 2712 pixels,,,New,"Android 13, MIUI 14",,,,,,,,,Xiaomi,6.67 inches,5000mAh,
50MP - 0.8MP,,256GB,,,,18W,Mediatek Helio G88 (12nm),8GB,,Tecno Spark 10 Pro 8GB 256GB Chính Hãng,,32 MP,,"Black, White",,,,,,,1080 x 2460 pixels,,,New,"Android 13, HIOS 12.6",,,,,,,,,Tecno,6.8 inches,Li-Po 5000 mAh,
50MP - 2MP - 2MP,,128GB,,,,25W,Snapdragon 680 4G,4GB,,Samsung Galaxy A05S (4G) 4GB 128GB Chính Hãng,,13MP,,"Black, Green, Silver",,,,,,,1080 x 2400 pixels,,,New,Android 13,,,,,,,,,Samsung,6.7 inches,5000mAh,
50MP - 2MP,,128GB,,,,25W,Helio G85,4GB,,Samsung Galaxy A05 (4G) 4GB 128GB Chính Hãng,,8MP,,"Black, Silver, Green",,,,,,,720 x 1600 pixels,,,New,Android 13,,,,,,,,,Samsung,6.7 inches,5000 mAh,
50MP - 8GB - 2MP,,128GB,,,,25W,Exynos 1280,8GB,,Samsung Galaxy M34 (5G) 8GB 128GB Chính Hãng,,13MP,,"Black, Silver, Blue",,,,,,,1080 x 2340 pixels,,,New,"Android 13, One UI 5.1",,,,,,,,,Samsung,6.5 inches,6000 mAh,
50MP - 0.8MP,,128GB,,,,18W,Mediatek Helio G88 (12nm),8GB,,Tecno Spark 10 Pro 8GB 128GB Chính Hãng,,32 MP,,"White, Black",,,,,,,1080 x 2460 pixels,,,New,"Android 13, HIOS 12.6",,,,,,,,,Tecno,6.8 inches,Li-Po 5000 mAh,
"Camera góc rộng: 64MP, f/1.8, 1/2"", 0,7µm, PDAF, OIS Camera góc siêu rộng: 8MP, 120˚, 1/4"", 1,12µm Camera macro: 2MP, f/2.4",,256 GB,,,,,Qualcomm SM8475 Snapdragon 8+ Gen 1 (4 nm),16GB,,Xiaomi Redmi K60 (5G) 16GB 256GB Box,,"Camera góc rộng: 16MP, 1/3.06"", 1.0µm",,5500 mAh,,,,,,,"Blue,Black,Silver,Green",,,New,Android 13,,,,,,,,,Xiaomi,6.67 inches,,
100MP – 2MP,,256GB,,,,33W,Mediatek Dimensity 6080 (6 nm),12GB,,Xiaomi Redmi Note 13 (5G) 12GB 256GB Box,,16MP,,"Black, Blue, WHite",,,,,,,1080 x 2400 pixels,,,New,"Android 13, MIUI 14",,,,,,,,,Xiaomi,6.67 inches,5000mAh,
100MP – 2MP,,256GB,,,,33W,Mediatek Dimensity 6080 (6 nm),8GB,,Xiaomi Redmi Note 13 (5G) 8GB 256GB Box,,16MP,,"Black, Blue, WHite",,,,,,,1080 x 2400 pixels,,,New,"Android 13, MIUI 14",,,,,,,,,Xiaomi,6.67 inches,5000mAh,
200MP + 8MP + 2MP,,512GB,,,,67W,Snapdragon 7s Gen 2,12GB,,Xiaomi Redmi Note 13 Pro (5G) 16GB 512GB Box,,16MP,,"Black. Blue, White, Violet",,,,,,,1220 x 2712 pixels,,,New,"Andoid 13, MIUI 14",,,,,,,,,Xiaomi,6.67 inches,5100mAh,
200MP + 8MP + 2MP,,512GB 1,,,,Xioami,Snapdragon 7s Gen 2,12GB,,Xiaomi Redmi Note 13 Pro (5G) 12GB 512GB Box,,16MP,,"Black. Blue, White, Violet",,,,,,,1220 x 2712 pixels,,,,"Andoid 13, MIUI 14",,,,,,,,,New,6.67 inches,5100mAh,
200MP + 8MP + 2MP,,256GB,,,,67W,Snapdragon 7s Gen 2,8GB,,Xiaomi Redmi Note 13 Pro (5G) 8GB 256GB Box,,16MP,,"Black. Blue, White, Violet",,,,,,,1220 x 2712 pixels,,,New,"Andoid 13, MIUI 14",,,,,,,,,Xiaomi,6.67 inches,5100mAh,
200MP + 8MP + 2MP,,128GB,,,,67W,Snapdragon 7s Gen 2,8GB,,Xiaomi Redmi Note 13 Pro (5G) 8GB 128GB Box,,16MP,,"Black. Blue, White, Violet",,,,,,,1220 x 2712 pixels,,,New,"Andoid 13, MIUI 14",,,,,,,,,Xiaomi,6.67 inches,5100mAh,
"Camera góc rộng: 54MP, f/1.9, 1/1.49"", 1.0µm, PDAF, OIS Camera góc siêu rộng: 8MP, 118˚, 1/4"", 1.12µm Camera macro: 2 MP, f/2.4",,128 GB,,,,,Snapdragon 8 Gen 2 (4 nm),8GB,,Xiaomi Redmi K60 Pro (5G) 8GB 128GB Likenew Fullbox,,"Camera góc rộng: 16 MP, 1/3.06"", 1.0µm",,"Green,Black,Silver",,,,,,,,,,New,Android 13,,,,,,,,,Xiaomi,6.67 inches,5000 mAh,
108MP – 8MP – 5MP,,256GB,,,,120W,Qualcomm SM8350 Snapdragon 888 5G (5 nm),12GB,,Xiaomi 11T Pro (5G) 12GB 256GB Chính Hãng (Dimensity 8100),,16MP,,"Black, Blue, White",,,,,,,1080 x 2400 pixels,,,New,"Android 11, upgradable to Android 13, MIUI 14",,,,,,,,,Xiaomi,6.67 inches,5000mAh,
108MP – 13MP – 5MP,,256GB,,,,33W,Qualcomm SM8250 Snapdragon 865 5G (7 nm+),8GB,,Xiaomi Mi 10T Pro (5G) 8GB 256GB Chính Hãng,,20MP,,"Back, Blue, Silver",,,,,,,1080 x 2400 pixels,,Xiaomi,,"Android 10, upgradable to Android 11, MIUI 12.5 E",,,,,New,,,,,6.67 inches,5000mAh,
13MP,,128GB,,,,33W,Qualcomm SM8250-AC Snapdragon 870 5G (7 nm),8GB,,Xiaomi Pad 6 8GB 128GB Box (Snapgragon 870),,8MP,,"Gold,Blue,Black",,,,,,,1800 x 2880 pixels,,,New,"Android 13, MIUI 14",,,,,,,,,Xiaomi,11 inchs,8840mAh,
50MP - 2MP,,256GB,,,,67W,Snapdragon 8+ Gen 1 (4 nm),8GB,,Xiaomi Pad 6 Pro 8GB 256GB Box,,20MP,,"Black, Blue, Gold",,,,,,,1800 x 2880 pixels,,,New,"Android 13, MIUI 14",,,,,,,,,Xiaomi,11 inchs,8600 mAh,
50MP – 8MP – 2MP,,256GB,,,,67W,Mediatek Dimensity 8200 Ultra (4 nm),12GB,,Xiaomi Civi 3 12GB 256GB Box,,32MP - 32MP,,"Black, Gree, Gold, Violet",,,,,,,1080 x 2400 pixels,,,New,"Android 13, MIUI 14",,,,,,,,,Xiaomi,6.55 inch,4500mAh,
200MP + 8MP + 2MP,,256GB,,,,67W,Snapdragon 7s Gen 2,12GB,,Xiaomi Redmi Note 13 Pro (5G) 12GB 256GB Box,,16MP,,"Black. Blue, White, Violet",,,,,,,1220 x 2712 pixels,,,New,"Andoid 13, MIUI 14",,,,,,,,,Xiaomi,6.67 inches,5100mAh,
100MP – 2MP,,128GB,,,,33W,Mediatek Dimensity 6080 (6 nm),8GB,,Xiaomi Redmi Note 13 (5G) 8GB 128GB Box,,16MP,,"Black, Blue, WHite",,,,,,,1080 x 2400 pixels,,,New,"Android 13, MIUI 14",,,,,,,,,Xiaomi,6.67 inches,5000mAh,
100MP – 2MP,,128GB,,,,33W,Mediatek Dimensity 6080 (6 nm),6GB,,Xiaomi Redmi Note 13 (5G) 6GB 128GB Box,,16MP,,"Black, Blue, WHite",,,,,,,1080 x 2400 pixels,,,New,"Android 13, MIUI 14",,,,,,,,,Xiaomi,6.67 inches,5000mAh,
50MP - 8MP - 2MP,,256GB,,,,165W,ualcomm SM8550-AB Snapdragon 8 Gen 2 (4 nm),16GB,,ZTE nubia Red Magic 8S Pro Plus 16GB 256GB Box,,16MP,,"Tranfer, Black, Silver",,,,,,,1116 x 2480 pixels,,,New,"Android 13, Redmagic OS 6",,,,,,,,,ZTE Nubia,6.8 inches,5000mAh,
50MP - 8MP - 2MP,,256GB,,,,156W,Qualcomm Snapdragon 8+ Gen 2 (4 nm),12GB,,Nubia Red Magic 8 Pro Plus 12GB 256GB Box (Snapdragon 8 Gen 2),,16MP,,"Black, Tranfer",,,,,,,1116 x 2480 pixels,,,New,"Android 13, Redmagic OS 8",,,,,,,,,ZTE Nubia,6.8 inches,5000mAh,
50Mp + 8MP + 2MP,,1TB,,,,Sạc nhanh 120W,Mediatek Dimensity 9200+ (4 nm),24GB,,Xiaomi Redmi K60 Ultra (5G) 24GB 1TB Box,,20 MP,,"White,Green,Black",,,,,,,1220 x 2712 pixels,,,New,"Android 13, MIUI 14",,,,,,,,,Xiaomi,6.67 inches,5000 mAh,
50Mp + 8MP + 2MP,,1TB,,,,Sạc nhanh 120W,Mediatek Dimensity 9200+ (4 nm),16GB,,Xiaomi Redmi K60 Ultra (5G) 16GB 1TB Box,,20 MP,,"White,Green,Black",,,,,,,1220 x 2712 pixels,,,New,"Android 13, MIUI 14",,,,,,,,,Xiaomi,6.67 inches,5000 mAh,
50MP - 8MP - 13MP,,256GB,,,,67W,Snapdragon 8+ Gen 1 (4 nm),12GB,,Xiaomi Mix Fold2 12GB 256GB Box,Xiaomi,20MP,,"Black, Gold",New,,,,,,1914 x 2160 pixels,,,,"Android 12, MIUI Fold 13",,,,,,,,,,8.02 inches (màn hình chính) - 6.56 inches (màn hình phụ),Li-Po 4500 mAh,
64MP - 2MP,,256GB,,,,33W,Mediatek MT8781 Helio G99 (6nm),8GB,,Tecno Camon 20 Pro 8GB 256Gb Chính Hãng,,32MP,,"Black, Blue",,,,,,,1080 x 2400 pixels,,,New,"Android 13, HIOS 13",,,,,,,,,Tecno,6.67 inches,Li-Po 5000 mAh,
50MP - 10MP - 10MP - 12MP,,256GB,,,,67W,Snapdragon 8 Gen 2 (4 nm),12GB,,Xiaomi Mix Fold3 12GB 256GB Box,,20MP,,"Gold, Black",,,,,,,1916 x 2160 pixels,,,New,"Android 13, MIUI Fold 14",,,,,,,,,Xiaomi,8.03 inches (màn hình mở) - 6.56 inches (màn hình ngoài),Li-Po 4800 mAh,
64MP - 64MP - 50MP,,512GB,,,,,Snapdragon 8 Gen 2 (4 nm),12GB,,ZTE Nubia Z50 Ultra 12GB 512GB Box,Nubia,16MP,,"Silver, Black, Blue",New,,,,,,Li-Po 5000 mAh,,,,"Android 13, MyOS 13",,,,,,,,,,6.8 inches,Li-Po 5000 mAh,
50MP - 8MP - 2MP,,256GB,,,,80W,Snapdragon 8 Gen 2 (4 nm),8GB,,ZTE nubia Red Magic 8S Pro 8GB 256GB Box,,16MP,,,,,,,,,1116 x 2480 pixels,,,,"Android 13, Redmagic OS 8",,,,,,,,,Nubia,6.8 inches,"Li-Po 6000 mAh,",
50MP - 8MP - 2MP,,256GB,,,,80W,Chipset	Qualcomm SM8550-AB,8GB,,Nubia Red Magic 8 Pro 8GB 256GB Box,,16MP,,Black,,,,,,,Gray,,,New,"Android 13, Redmagic OS 6",,,,,,,,Li-Po 6000 mAh,Nubia,6.8 inches,80W,
50MP - 50MP - 50MP - 50MP,,256GB,,,,90W,Qualcomm SM8550-AB Snapdragon 8 Gen 2 (4 nm),12GB,,Xiaomi 13 Ultra 12GB 256GB Box,,32MP,,"Black, Green",,,,,,,1440 x 3200 pixels,,,New,"Android 13, MIUI 14",,,,,,,,,Xiaomi,6.73 inchs,Li-Po 5000 mAh,
50MP - 48MP - 48MP,,256GB,,,,67W,Qualcomm SM8475 Snapdragon 8+ Gen 1 (4 nm),8GB,,Xiaomi 12S Ultra (5G) 8GB 256GB Box,,32MP,,"Black, Dark Green",,,,,,,1440 x 3200 pixels,,,New,"Android 12, MIUI 13",,,,,,,,,Xiaomi,6.73 inches,Li-Po 4860 mAh,
50MP - 5MP - 2MP,,128GB,,,,Sạc nhanh 25W,Mediatek MT8781 Helio G99 (6nm),6GB,,Samsung Galaxy A24 (4G) 8GB 128GB Chính Hãng,,13 MP,,"Black,Green",,,,,,,1080 x 2340 pixels,,,new,"Android 13, One UI 5.1",,,,,,,,,Samsung,6.5 inches,5000mAh,
50MP - 32MP - 8MP,,256 GB,,,,80W,Qualcomm SM7325 Snapdragon 778G 5G (6 nm),12 GB,,Oppo Reno 10 Pro (5G) 12GB 256GB Chính Hãng,,32 MP,,"Purple,Gray",,,,,,,1080 x 2412 pixels,,,new,,,,,,,,,,Oppo,6.7 inches,4600mAh,
50MP - 2MP,,128GB,,,,67W,Snapdragon 8+ Gen 1 (4 nm),8Gb,,Xiaomi Pad 6 Pro 8GB 128GB Box,,20MP,,"Gold,Blue,Black",,,,,,,1800 x 2880 pixels,,,new,"Android 13, MIUI 14",,,,,,,,,Xiaomi,11 inches,8600 mAh,
50MP,,256 GB,,,,Sạc nhanh 45W,MediaTek Helio G99 (6nm),8Gb,,Tecno Pova 5 8GB 256GB Chính Hãng,,8MP,,"Gold,Blue,Black",,,,,,,1080 x 2460 pixels,,,new,"Android 13, HIOS 13",,,,,,,,,Tecno,6.78 inchs,6000 mAh,
100MP - 2MP,,256 GB,,,,67W,Dimensity 7050 (6 nm),12 GB,,Realme 11 Pro (5G) 12GB 256GB Box,,"16MP, f/2.45",,"Green,Gold,Black",,,,,,,1080 x 2412 pixels,,,new,"Android 13, Realme UI 4.0",,,,,,,,,Realme,6.7 inches,5000 mAh,
50MP,,128GB,,,,Sạc nhanh 45W,MediaTek Helio G99 (6nm),8Gb,,Tecno Pova 5 8GB 128GB Chính Hãng,,8MP,,"Gold,Blue,Black",,,,,,,1080 x 2460 pixels,,,new,"Android 13, HIOS 13",,,,,,,,,Tecno,6.78 inchs,6000 mAh,
50Mp + 8MP + 2MP,,512GB,,,,Sạc nhanh 120W,Mediatek Dimensity 9200+ (4 nm),16GB,,Xiaomi Redmi K60 Ultra (5G) 16GB 512GB Box,,20 MP,,"White,Green,Black",,,,,,,1220 x 2712 pixels,,,new,"Android 13, MIUI 14",,,,,,,,,Xiaomi,6.67 inches,5000 mAh,
50Mp + 8MP + 2MP,,256 GB,,,,Sạc nhanh 120W,Mediatek Dimensity 9200+ (4 nm),12 GB,,Xiaomi Redmi K60 Ultra (5G) 12GB 256GB Box,,20 MP,,"White,Green,Black",,,,,,,1220 x 2712 pixels,,,new,"Android 13, MIUI 14",,,,,,,,,Xiaomi,6.67 inches,5000 mAh,
64MP – 8MP – 2MP,,1TB,,,,100W,Snapdragon 7+ Gen 2,16 GB,,Realme GT Neo5 SE 16GB 1TB Box,,16 MP,,"Blue,Black,White",,,,,,,1240 x 2772 pixels,,,new,"Android 13, Realme UI 4.0",,,,,,,,,Realme,6.74 inchs,5500 mAh,
64MP – 8MP – 2MP,,512 GB,,,,67W,,12 GB,,Xiaomi Redmi Note 12 Turbo 12GB 512GB Box,,,,"White,Black,Blue",,,,,,,1080 x 2400 pixels,,,new,"Android 13, MIUI 14",,,,,,,,,Xiaomi,6.67 inches,5000 mAh,
50Mp + 8MP + 2MP,,1 TB,,,,,Qualcomm SM8475 Snapdragon 8+ Gen 1 (4 nm),16 GB,,Realme GT Neo 5 (240W) 16Gb 1TB Box,,16 MP,,"White,Purple,Black",,,,,,,1240 x 2772 pixels,,Realme,new,"Android 13, Realme UI 4.0",,,,,,,,,,6.74 inchs,5000 mAh,
200MP + 8MP + 2MP,,256 GB,,,,100W,Dimensity 7050 (6 nm),12 GB,,Realme 11 Pro Plus (5G) 12GB 256GB Box,,32 MP,,"Green,Gold,Black",,,,,,,1080 x 2412 pixels,,,new,"Android 13, Realme UI 4.0",,,,,,,,,Realme,6.7 inches,5000 mAh,
100MP - 2MP,,256 GB,,,,67W,Dimensity 7050 (6 nm),8Gb,,Realme 11 Pro (5G) 8GB 256GB Box,,"16MP, f/2.45",,"Green,Gold,Black",,,,,,,1080 x 2412 pixels,,,new,"Android 13, Realme UI 4.0",,,,,,,,,Realme,6.7 inches,5000 mAh,
50MP - 5MP - 2MP,,128GB,,,,Sạc nhanh 25W,Mediatek MT8781 Helio G99 (6nm),6GB,,Samsung Galaxy A24 (4G) 6GB 128GB Chính Hãng,,13 MP,,"Black,Green",,,,,,,1080 x 2340 pixels,,,new,"Android 13, One UI 5.1",,,,,,,,,Samsung,6.5 inches,5000mAh,
64MP – 8MP – 2MP,,128GB,,,,67W,MediaTek Dimensity 8100 (5 nm),8Gb,,Xiaomi Redmi Note 11T Pro (5G) 8GB 256GB Box,,16 MP,,"White,Blue,Silver,Black",,,,,,,1080 x 2460 pixels,,Xiaomi,new,"Androi 12, MIUI 13",,,,,,,,,,6.6 inches,5080mAh,
64MP - 2MP,,128GB,,,,,Mediatek Helio G88 (12nm),6 GB,,Realme C55 (4G) 6GB 128GB Chính Hãng,,8MP,,"Gold,Black",,,,,,,1080 x 2400 pixels,,,new,"Android 13, Realme UI 4.0",,,,,,,,,Realme,6.72 inchs,,
64MP - 32MP - 8MP,,256 GB,,,,67W,Dimensity 7050,8Gb,,Oppo Reno 10 (5G) 8GB 256GB Chính Hãng,,32 MP,,"Gray,Blue",,,,,,,1080 x 2412 pixels,,,new,"Android 13, ColorOS 13.1",,,,,,,,,Oppo,6.7 inches,5000 mAh,
QVGA,,,,"2 Nano SIM, Hỗ trợ 4G",,,Unisoc T107,,,Nokia 110 4G Pro (2023) Chính Hãng,,,,"Purple,Blue",,,,,,,IPS LCD,,,new,,,,,,,,,,Nokia,1.77 inchs,,
,,,,"2 Nano SIM, Hỗ trợ 4G",,,Unisoc T107,,,Nokia 105 4G Pro (2023) Chính Hãng,,,,"Blue,Black",,,,,,,,,,new,,,,,,,,,,Nokia,1.8 inchs,1450mAh,
50.0 MP + 2.0 MP,,128GB,,,,10w,Unisoc SC9863A,4GB,,Nokia C32 4GB 128GB Chính Hãng,,8MP,,"Green,Black,Pink Gold",,,,,,,720 x 1600 pixels,,,new,,,,,,,,,,Nokia,"6.5""",5000mAh,
50Mp + 8MP + 2MP,,1 TB,,,,150W,Qualcomm SM8475 Snapdragon 8+ Gen 1 (4 nm),16 GB,,Realme GT Neo 5 16Gb 1TB Box,,16 MP,,"White,Purple,Black",,,,,,,1240 x 2772 pixels,,Realme,new,"Android 13, Realme UI 4.0",,,,,,,,,,6.74 inchs,5000 mAh,
50MP - 2MP,,256 GB,,,,67W,Snapdragon 8+ Gen 1 (4 nm),12 GB,,Xiaomi Pad 6 Pro 12GB 256GB Box,,20MP,,"Gold,Blue,Black",,,,,,,1800 x 2880 pixels,,,new,"Android 13, MIUI 14",,,,,,,,,Xiaomi,11 inches,8600 mAh,
50MP - 8MP - 2MP,,128GB,,,,sạc nhanh 18W,Mediatek Helio G88 (12nm),8Gb,,Xiaomi Redmi 12 (4G) 8GB 128GB Chính Hãng - ĐKH,,8MP,,"Silver,Blue,Black",,,,,,,1080 x 2460 pixels,,,new,"Android 13, MIUI 14",,,,,,,,,Xiaomi,6.79 inchs,5000 mAh,
50MP - 8MP - 2MP,,128GB,,,,sạc nhanh 18W,Mediatek Helio G88 (12nm),4GB,,Xiaomi Redmi 12 (4G) 4GB 128GB Chính Hãng - ĐKH,,8MP,,"Silver,Blue,Black",,,,,,,1080 x 2460 pixels,,,new,"Android 13, MIUI 14",,,,,,,,,Xiaomi,6.79 inchs,5000 mAh,
"48 MP, (góc rộng), 0.8µm, PDAF 2 MP, f/2.4, (độ sâu) Quay phim: 1080p@30/60fps",,128GB,,,,,Snapdragon 4 Gen 1,8 GB,,Xiaomi Redmi Note 12 (5G) 8GB 128GB Box,,"8 MP, f/2.0, (góc rộng), 1/4"", 1.12µm Quay phim: 1080p@30fps",,"Black,Blue,Silver",,,,,,,,,Xiaomi,new,,,,,,,,,,,6.67 inches,Li-Po 5000 mAh,
64MP - 2MP,,256 GB,,,,33w,MediaTek MT6769Z Helio G85 (12nm),8Gb,,Tecno Camon 20 8GB 256GGB Chính Hãng,,32 MP,,"White,Blue,Black",,,,,,,1080 x 2400 pixels,,,new,"Android 13, HIOS 13",,,,,,,,,Tecno,6.67 inches,5000 mAh,
100MP - 2MP - 2MP,,256 GB,,,,33w,MediaTek Helio G99 (6nm),8Gb,,Oppo Reno 8T (4G) 8GB 256GB Chính Hãng,,32 MP,,"Orange,Black",,,,,,,1080 x 2400 pixels,,,new,"Android 13, ColorOS 13",,,,,,,,,Oppo,6.43 inch,5000 mAh,
13MP,,128GB,,,,33w,Qualcomm SM8250-AC Snapdragon 870 5G (7 nm),6GB,,Xiaomi Pad 6 6GB 128GB Box,,8MP,,"Gold,Blue,Black",,,,,,Only Wifi,1800 x 2880 pixels,,,new,"Android 13, MIUI 14",,,,,,,,,Xiaomi,11inchs,8840mAh,
64MP – 8MP – 2MP,,512GB,,,,100W,Snapdragon 7+ Gen 2,12 GB,,Realme GT Neo5 SE 12GB 512GB Box,,16 MP,,"Blue,Black,White",,,,,,,1240 x 2772 pixels,,,new,"Android 13, Realme UI 4.0",,,,,,,,,Realme,6.74 inchs,5500 mAh,
64MP – 8MP – 2MP,,256 GB,,,,100W,Snapdragon 7+ Gen 2,12 GB,,Realme GT Neo5 SE 12GB 256GB Box,,16 MP,,"Blue,Black,White",,,,,,,1240 x 2772 pixels,,,new,"Android 13, Realme UI 4.0",,,,,,,,,Realme,6.74 inchs,5500 mAh,
64MP – 8MP – 2MP,,256 GB,,,,100W,Snapdragon 7+ Gen 2,8Gb,,Realme GT Neo5 SE 8GB 256GB Box,,16 MP,,"Blue,Black,White",,,,,,,1240 x 2772 pixels,,,new,"Android 13, Realme UI 4.0",,,,,,,,,Realme,6.74 inchs,5500 mAh,
48MP + 8MP + 2MP,,256 GB,,,,67W,MediaTek Dimensity 8100 (5 nm),12 GB,,Xiaomi Redmi K50 (5G) 12GB 256GB Box,,20 MP,,"Green,Gray,Blue,Black",,,,,,,1440 x 3200 pixels,,Xiaomi,new,"Androi 12, MIUI 13",,,,,,,,,,6.67 inches,Li-Ion 5500mAh,
50MP + 50MP + 50MP,,256 GB,,,,Sạc nhanh 120W,Snapdragon 8 Gen 2 (4 nm),12 GB,,Xiaomi 13 Pro (5G) 12GB 256GB Box,,32 MP,,"White,Green,Black",,,,,,,1440 x 3200 pixels,,Xiaomi,new,,,,,,,,,,,6.73 inch,4820mAh,
Triple cam (48MP + 2MP + 2MP),,256 GB,,,,67W,Mediatek Dimensity 8200 (4 nm),8Gb,,Xiaomi Redmi K60e (5G) 12GB 256GB Box,,20MP,,"White,Black,Green",,,,,,,1440 x 3200 pixels,,Xiaomi,new,"Android 12, MIUI 13",,,,,,,,,,6.67 inches,5500 mAh,
108MP - 2MP - 2MP - 2MP,,256 GB,,,,67W,Qualcomm SM7150 Snapdragon 732G (8 nm),8Gb,,Xiaomi Redmi Note 12 Pro (4G) 8GB 256GB Chính Hãng,,16 MP,,"Gray,Blue,Cloud Blue",,,,,,,1080 x 2400 pixels,,,new,MIUI 13 dựa trên Android 11,,,,,,,,,Xiaomi,6.67 inches,5000 mAh,
108MP - 8MP - 2MP,,256 GB,,,,33w,MediaTek Helio G96 8 nhân,8Gb,,Xiaomi Redmi Note 12S 8GB 256GB Chính Hãng,,16 MP,,"Green,Blue,Black",,,,,,,1080 x 2400 pixels,,,new,Android 13,,,,,,,,,Xiaomi,6.43 inch,5000 mAh,
108MP - 8MP - 2MP,,512 GB,,,,Sạc nhanh 120W,Qualcomm SM8475 Snapdragon 8+ Gen 1 (4 nm),12 GB,,Xiaomi Redmi K50 Ultra (5G) 12GB 512GB Box,,20MP,,"Silver,Blue,Black",,,,,,,1220 x 2712 pixels,,Xiaomi,new,"Androi 12, MIUI 13",,,,,,,,,,6.67 inches,5000 mAh,
108MP - 8MP - 2MP,,256 GB,,,,Sạc nhanh 120W,Qualcomm SM8475 Snapdragon 8+ Gen 1 (4 nm),12 GB,,Xiaomi Redmi K50 Ultra (5G) 12GB 256GB Box,,20MP,,"Silver,Blue,Black",,,,,,,1220 x 2712 pixels,,Xiaomi,new,"Androi 12, MIUI 13",,,,,,,,,,6.67 inches,5000 mAh,
50Mp + 8MP + 2MP,,256 GB,,,,150W,MediaTek Dimensity 8100 (5 nm),12 GB,,Realme GT Neo 3 12GB 256GB (150W) Box,,16 MP,,"White,Black,Blue",,,,,,,1080 x 2412 pixels,,,new,"Android 12, upgradable to Android 13, Realme UI 3.0",,,,,,,,,Realme,6.7 inches,5000 mAh,
50Mp + 8MP + 2MP,,256 GB,,,,80W,MediaTek Dimensity 8100 (5 nm),12 GB,,Realme GT Neo 3 12GB 256GB (80W) Box,,16 MP,,"White,Black,Blue",,,,,,,1080 x 2412 pixels,,,new,"Android 12, upgradable to Android 13, Realme UI 3.0",,,,,,,,,Realme,6.7 inches,5000 mAh,
50MP + 50MP + 50MP,,256 GB,,,,Sạc nhanh 120W,Snapdragon 8 Gen 2 (4 nm),8Gb,,Xiaomi 13 Pro (5G) 8GB 256GB Box,,32 MP,,"White,Green,Black",,,,,,,1440 x 3200 pixels,,Xiaomi,new,,,,,,,,,,,6.73 inch,4820mAh,
50MP + 2MP + 2MP,,256 GB,,,,65w,Snapdragon 695 5G 8 nhân,8Gb,,Realme Q5 8GB 256GB Box,,16 MP,,"White,Yellow,Black",,,,,,,1080 x 2412 pixels,,Realme,new,"Androi 12, MIUI 13",,,,,,,,,,6.6 inch,Li-Ion 5000mAh,
50MP – 10MP – 12MP,,256 GB,,,,67W,Snapdragon 8 GEN 2,12 GB,,Xiaomi 13 (5G) 12GB 256GB Box,,32 MP,,"White,Blue,Black",,,,,,,1080 x 2400 pixels,,,,,,,,,,,,,,6.36 inch,"Androi 13, MIUI 14",
"Camera góc rộng: 64MP, f/1.8, 1/2"", 0,7µm, PDAF, OIS Camera góc siêu rộng: 8MP, 120˚, 1/4"", 1,12µm Camera macro: 2MP, f/2.4",,128 GB,,2 SIM (Nano-SIM),,67W,Qualcomm SM8475 Snapdragon 8+ Gen 1 (4 nm),8Gb,,Xiaomi Redmi K60 (5G) 8GB 128GB Box,,"Camera góc rộng: 16MP, 1/3.06"", 1.0µm",,"Green,Blue,Black,Silver",,,,,,,,,Xiaomi,new,Android 13,,,OLED,"68 tỷ màuTần số quét 120Hz, Dolby Vision, HDR10+, 1400 nits68 tỷ màu",,,,,,6.67 inches,5500 mAh,
Triple cam (48MP + 2MP + 2MP),,128GB,,,,67W,Mediatek Dimensity 8200 (4 nm),8Gb,,Xiaomi Redmi K60e (5G) 8GB 128GB Box,,20MP,,"White,Black,Green",,,,,,,1440 x 3200 pixels,,Xiaomi,new,"Android 12, MIUI 13",,,,,,,,,,6.67 inches,5500 mAh,
50MP - 8MP - 2MP,,128GB,,,,33w,Qualcomm Snapdragon 685 (6 nm),8Gb,,Xiaomi Redmi Note 12 8GB 128GB Chính Hãng,,13 MP,,"Green,Blue,Black,Gold",,,,,,,1080 x 2400 pixels,,Xiaomi,new,"Android 13, MIUI 14",,,,,,,,,,6.67 inches,5000 mAh,
64MP – 8MP – 2MP,,1 TB,,,,67W,,16 GB,,Xiaomi Redmi Note 12 Turbo 16GB 1TB Box,,,,"White,Blue,Black",,,,,,,1080 x 2400 pixels,,,new,"Android 13, MIUI 14",,,,,,,,,Xiaomi,6.67 inches,5000 mAh,
64MP – 8MP – 2MP,,256 GB,,,,67W,,12 GB,,Xiaomi Redmi Note 12 Turbo 12GB 256GB Box,,,,"White,Blue,Black",,,,,,,1080 x 2400 pixels,,,new,"Android 13, MIUI 14",,,,,,,,,Xiaomi,6.67 inches,5000 mAh,
64MP – 8MP – 2MP,,256 GB,,,,67W,Snapdragon 7+ Gen 2,8Gb,,Xiaomi Redmi Note 12 Turbo 8GB 256GB Box,,"16 MP, f/2.5, (wide) quay video 1080p@30/60fps",,"White,Blue,Black",,,,,,,1080 x 2400 pixels,,,new,"Android 13, MIUI 14",,,,,,,,,Xiaomi,6.67 inches,Li-Po 5000 mAh,
"Camera góc rộng: 64MP, f/1.8, 1/2"", 0,7µm, PDAF, OIS Camera góc siêu rộng: 8MP, 120˚, 1/4"", 1,12µm Camera macro: 2MP, f/2.4",,256 GB,,2 SIM (Nano-SIM),,67W,Qualcomm SM8475 Snapdragon 8+ Gen 1 (4 nm),8Gb,,Xiaomi Redmi K60 (5G) 8GB 256GB Box,,"Camera góc rộng: 16MP, 1/3.06"", 1.0µm",,"Blue,Black,Silver,Green",,,,,,,,,Xiaomi,new,Android 13,,,OLED,"68 tỷ màuTần số quét 120Hz, Dolby Vision, HDR10+, 1400 nits68 tỷ màu",,,,,,6.67 inches,5500 mAh,
"Chính 48 MP &amp; Phụ 12 MP, 5 MP, 5 MP",,128 GB,,,,,Qualcomm SM7225 Snapdragon 750 5G (8 nm),4 GB,,Samsung Galaxy A42 5G Hàn Cũ 99%,,20MP,,"White,Gray,Black",,,,,,,720 x 1600 pixels,,,used,Android 10,,,,,,,,,,6.6 inches,5000 mAh,
50MP + 5MP + 2MP + 2MP,,128GB,,,,,Snapdragon 695 5G (6 nm),4GB,,Samsung Galaxy A23 5G Hàn Cũ 99%,,"8 MP, f/2.0, 8 MP, f/2.2, (wide)",,"Black,Blue,White",,,,,,,1080 x 2408 pixels,,Samsung,used,Android 12,,,,,,,,,,6.6 inches,5.000 mAh,
Triple (50MP + 64MP + 48MP),,128GB,,,,,Google Tensor G3,12 GB,,Google Pixel 8 Pro Fullbox Quốc Tế,,,,"Gray,White,Black",,,,,,,1344 x 2992,,,,,,,,,,,,,,6.7 inches,4950,
50MP,,128GB,,,,,Google Tensor G3,8Gb,,Google Pixel 8,,,,"Light Green,White,Black",,,,,,,1080 x 2400 pixels (FullHD+),,,,,,,,,,,,,,6.1 inch,4485 mAh,
50Mp + 8MP + 2MP,,256 GB,,,,Sạc nhanh 120W,Mediatek Dimensity 9200+ (4 nm),16 GB,,Xiaomi Redmi K60 Ultra (5G) 16GB 256GB Box,,20 MP,,"White,Green,Black",,,,,,,1220 x 2712 pixels,,,new,"Android 13, MIUI 14",,,,,,,,,Xiaomi,6.67 inches,5000 mAh,
"Camera góc rộng: 54MP, f/1.9, 1/1.49"", 1.0µm, PDAF, OIS Camera góc siêu rộng: 8MP, 118˚, 1/4"", 1.12µm Camera macro: 2 MP, f/2.4",,128 GB,,2 SIM (Nano-SIM),,,Snapdragon 8 Gen 2 (4 nm),8 GB,,Xiaomi Redmi K60 Pro (5G) 8GB 128GB Box,,"Camera góc rộng: 16 MP, 1/3.06"", 1.0µm",,"Green,Black,Silver",,,,,,,,,Xiaomi,new,Android 13,,,OLED,Kính cường lực Corning Gorilla Glass VictusTần số quét 120HzDolby VisionHDR10+Độ sáng 1400 nits68 tỷ màu,,,,,,6.67 inches,5000 mAh,
"Camera góc rộng: 54MP, f/1.9, 1/1.49"", 1.0µm, PDAF, OIS Camera góc siêu rộng: 8MP, 118˚, 1/4"", 1.12µm Camera macro: 2 MP, f/2.4",,256 GB,,2 SIM (Nano-SIM),,,Snapdragon 8 Gen 2 (4 nm),12 GB,,Xiaomi Redmi K60 Pro (5G) 12GB 256GB Box,,"Camera góc rộng: 16 MP, 1/3.06"", 1.0µm",,"Green,Black,Silver",,,,,,,,,Xiaomi,new,Android 13,,,OLED,Kính cường lực Corning Gorilla Glass VictusTần số quét 120HzDolby VisionHDR10+Độ sáng 1400 nits68 tỷ màu,,,,,,6.67 inches,5000 mAh,
"13MP, f/2.2, Chụp góc rộng, Lấy nét tự động theo pha PDAF",,64GB,,,,sạc nhanh 18W,MediaTek MT6833 Dimensity 700 5G (7nm) 8 nhân,4GB,,Xiaomi Poco M4 (5G) 4GB 64GB Chính Hãng,,"5MP, f/2.2, Góc rộng",,"Yellow,Black,Blue",,,,Xiaomi,,,1080 x 2408 pixels,,,new,"Android 12, MIUI 13",,,IPS LCD,,,,,microSDXC,,6.58 inches,5000 mAh,
"Camera chính: 48 MP, F1.8 Camera góc siêu rộng: 8 MP, F2.2 Camera macro: 5 MP, F2.4 Camera chân dung: 2.0 MP, F2.4",,128 GB,,2 SIM (Nano-SIM),,Sạc nhanh 25W,2 nhân 2.4 GHz &amp; 6 nhân 2 GHz,8 GB,,Samsung Galaxy A33 (5G) 8GB 128GB Chính hãng cũ,,"13 MP, f/2.2",Cáp Type C,"Black,Blue,Orange,White",,,,,,,"Super AMOLED, 6.4"", Full HD+",,,new,Android 12,,,,,,,,,,6.4 inches,5000 mAh,
50Mp + 8MP + 2MP,,128GB,,,,67W,Snapdragon 7 Gen 1 (4 nm),8Gb,,Xiaomi 13 Lite 8GB 128GB Chính Hãng,,32 MP,,"Blue,Black",,,,,,,1080 x 2400 pixels,,Xiaomi,new,"Android 12, MIUI 14",,,,,,,,,,6.55 inch,4500 mAh,
50MP – 10MP – 12MP,,256 GB,,,,67W,Snapdragon 8 GEN 2,8Gb,,Xiaomi 13 8GB 256GB Chính Hãng,,32 MP,,"White,Blue,Black",,,,,,,1080 x 2400 pixels,,,,,,,,,,,,,,6.36 inch,"Androi 13, MIUI 14",
50MP + 50MP + 50MP,,256 GB,,,,Sạc nhanh 120W,Snapdragon 8 Gen 2 (4 nm),12 GB,,Xiaomi 13 Pro 12GB 256GB Chính Hãng,,32 MP,,"White,Green,Black",,,,,,,1440 x 3200 pixels,,Xiaomi,new,,,,,,,,,,,6.73 inch,4820mAh,
50Mp + 8MP + 2MP,,256 GB,,,,150W,Qualcomm SM8475 Snapdragon 8+ Gen 1 (4 nm),16 GB,,Realme GT Neo 5 16Gb 256GB Box,,16 MP,,"White,Purple,Black",,,,,,,1240 x 2772 pixels,,Realme,new,"Android 13, Realme UI 4.0",,,,,,,,,,6.74 inchs,5000 mAh,
50MP – 10MP – 12MP,,256 GB,,,,67W,Snapdragon 8 GEN 2,8Gb,,Xiaomi 13 (5G) 8GB 256GB Box,,32 MP,,"White,Blue,Black",,,,,,,1080 x 2400 pixels,,,,,,,,,,,,,,6.36 inch,"Androi 13, MIUI 14",
"Camera góc rộng: 54MP, f/1.9, 1/1.49"", 1.0µm, PDAF, OIS Camera góc siêu rộng: 8MP, 118˚, 1/4"", 1.12µm Camera macro: 2 MP, f/2.4",,256 GB,,2 SIM (Nano-SIM),,,Snapdragon 8 Gen 2 (4 nm),8 GB,,Xiaomi Redmi K60 Pro (5G) 8GB 256GB Box,,"Camera góc rộng: 16 MP, 1/3.06"", 1.0µm",,"Green,Black,Silver",,,,,,,,,Xiaomi,new,Android 13,,,OLED,Kính cường lực Corning Gorilla Glass VictusTần số quét 120HzDolby VisionHDR10+Độ sáng 1400 nits68 tỷ màu,,,,,,6.67 inches,5000 mAh,
108MP - 2MP - 2MP,,128GB,,,,67W,Qualcomm SM6375 Snapdragon 695 5G (6 nm),8Gb,,Oppo Reno 8T (5G) 8GB 128Gb Chính Hãng,,32 MP,,"Gold,Black",,,,,,,1080 x 2412 pixels,,Oppo,new,"Android 13, ColorOS 13",,,,,,,,,,6.7 inches,Li-Po 4800mAh,
48MP - 8MP - 2MP,,128GB,,,,33w,Qualcomm SM6375 Snapdragon 695 5G (6 nm),6GB,,Xiaomi Poco X5 (5G) 6GB 128Gb Chính Hãng,,13 MP,,"Green,Blue,Black",,,,,,,1080 x 2400 pixels,,Xiaomi,new,"Android 12, MIUI 13",,,,,,,,,,6.67 inches,Li-Po 5000 mAh,
"Camera góc rộng: 64MP, f/1.8, 1/2"", 0,7µm, PDAF, OIS Camera góc siêu rộng: 8MP, 120˚, 1/4"", 1,12µm Camera macro: 2MP, f/2.4",,256 GB,,2 SIM (Nano-SIM),,67W,Qualcomm SM8475 Snapdragon 8+ Gen 1 (4 nm),12 GB,,Xiaomi Redmi K60 (5G) 12GB 256GB Box,,"Camera góc rộng: 16MP, 1/3.06"", 1.0µm",,"Green,Blue,Black,Silver",,,,,,,,,Xiaomi,new,Android 13,,,OLED,"68 tỷ màuTần số quét 120Hz, Dolby Vision, HDR10+, 1400 nits68 tỷ màu",,,,,,6.67 inches,5500 mAh,
48MP + 8MP + 2MP,,256 GB,,,,67W,MediaTek Dimensity 8100 (5 nm),8Gb,,Xiaomi Redmi K50 (5G) 8GB 256GB Box,,20 MP,,"Green,Gray,Blue,Black",,,,,,,1440 x 3200 pixels,,Xiaomi,new,"Androi 12, MIUI 13",,,,,,,,,,6.67 inches,Li-Ion 5500mAh,
64MP – 8MP – 2MP,,128GB,,,,67W,MediaTek Dimensity 8100 (5 nm),8Gb,,Xiaomi Redmi Note 11T Pro (5G) 8GB 128GB Box,,16 MP,,"Blue,Silver,Black,White",,,,,,,1080 x 2460 pixels,,Xiaomi,new,"Androi 12, MIUI 13",,,,,,,,,,6.6 inches,5080mAh,
Triple cam (48MP + 2MP + 2MP),,512 GB,,,,67W,Mediatek Dimensity 8200 (4 nm),12 GB,,Xiaomi Redmi K60e (5G) 12GB 512GB Box,,20MP,,"White,Black,Green",,,,,,,1440 x 3200 pixels,,Xiaomi,new,"Android 12, MIUI 13",,,,,,,,,,6.67 inches,5500 mAh,
"Camera chính góc rộng: 50 MP, f/1.9, PDAF, OIS Camera góc siêu rộng: 13 MP, f/2.4 Camera macro: 5 MP, AF",,256 GB,,2 SIM (Nano-SIM),,,Snapdragon 8 Gen 1 8 nhân,8 GB,,Xiaomi 12 8GB 256GB Chính Hãng,,32 MP,,"Tím,Xám,Xanh Dương",,,,,,,,,Xiaomi,new,"Androi 12, MIUI 13",,,AMOLED,,,,,,,6.28 inches,4500 mAh,
50MP + 50MP + 50MP,,128GB,,,,Sạc nhanh 120W,Snapdragon 8 Gen 2 (4 nm),8Gb,,Xiaomi 13 Pro (5G) 8GB 128GB Box,,32 MP,,"White,Green,Black",,,,,,,1440 x 3200 pixels,,Xiaomi,new,,,,,,,,,,,6.73 inch,4820mAh,
50MP – 10MP – 12MP,,128GB,,,,67W,Snapdragon 8 GEN 2,8Gb,,Xiaomi 13 (5G) 8GB 128GB Box,,32 MP,,"White,Blue,Black",,,,,,,1080 x 2400 pixels,,Xiaomi,new,,,,,,,,,,,6.36 inch,"Androi 13, MIUI 14",
50Mp + 8MP + 2MP,,128GB,,,,67W,MediaTek Dimensity 1080 (6 nm),8Gb,,Xiaomi Redmi Note 12 Pro (5G) 8GB 128GB Box,,16 MP,,"Blue,Black,Purple,White",,,,,,,1080 x 2400 pixels,,Xiaomi,new,"Androi 12, MIUI 13",,,,,,,,,,6.67 inches,5000 mAh,
64MP - 2MP - 2MP,,256 GB,,,,,Qualcomm SM6375 Snapdragon 695 5G (6 nm),8Gb,,Oppo Reno 8Z (5G) 8GB 256GB Chính Hãng,,16 MP,,"Black,Gold",,,,,,,1080 x 2400 pixels,,Oppo,new,"Android 12, ColorOS 12.1",,,,,,,,,,6.43 inch,4500 mAh,
64MP - 2MP - 2MP,,256 GB,,,,,Qualcomm SM6225 Snapdragon 680 4G (6 nm),8Gb,,Oppo Reno 8 (4G) 8GB 256GB Chính Hãng,,32 MP,,"Gold,Black",,,,,,,1080 x 2400 pixels,,Oppo,new,"Android 12, ColorOS 12.1",,,,,,,,,,6.43 inch,4500 mAh,
50.0 MP + 2.0 MP,,128GB,,,,,Qualcomm SM6225 Snapdragon 680 4G (6 nm),8Gb,,Oppo A77s 8GB 128GB Chính Hãng,,8MP,,"Orange,Black",,,,,,,720 x 1612 pixels,,Oppo,new,"Android 12, ColorOS 12.1",,,,,,,,,,6.56 inch,5000 mAh,
13MP – 2MP,,128GB,,,,,Mediatek MT6765G Helio G35 (12 nm),4GB,,Oppo A57 4GB 128GB Chính Hãng,,8MP,,"Green,Gold,Black",,,,,,,720 x 1612 pixels,,Oppo,new,,,,,,,,,,,6.56 inch,5000 mAh,
"8 MP, f/2.0",,64GB,,,,,Mediatek MT6765 Helio G35 (12 nm),3GB,,Oppo A17K 3GB 64GB Chính Hãng,,5 MP,,"Gold,Blue",,,,,,,720 x 1612 pixels,,Oppo,new,"Android 12, ColorOS 12.1",,,,,,,,,,6.56 inch,5000 mAh,
13 MP,,64GB,,2 Nano SIMHỗ trợ 4G,,,MediaTek Helio G35,4GB,,Oppo A16K 4GB 64GB Chính hãng,OPPO,5 MP,,"Black,Blue",NEW,,,,,,,,Oppo,new,Android 11,,"IPS LCD, 6.52"", HD+",,,,,,,,,4230 mAh,
48MP + 8MP + 2MP,,256 GB,,,,67W,Qualcomm Snapdragon 870,12 GB,,Xiaomi Redmi K40s (5G) 12GB 256GB,,20 MP,,"Black,Green,Silver,Blue",,,,,,,1080 x 2400 pixels,,Xiaomi,new,"Androi 12, MIUI 13",,,,,,,,,,6.67 inches,4500 mAh,
"Camera góc rộng: 50 MP, f/1.8, PDAF Camera macro: 2 MP, f/2.4 Camera góc sâu: 2 MP, f/2.4",,64GB,,2 SIM (Nano-SIM),,,MediaTek Helio G99 (6nm),4 GB,,Xiaomi PoCo M5 4GB 64GB Chính hãng,,"Camera góc rộng: 5 MP, f/2.2, 1 / 5.0 "", 1.12µm",,"Yellow,Blue,Black",,,,,,,1080 x 2408 pixels,,Xiaomi,new,Android 12,,,IPS LCD,"Kính cường lực Corning Gorilla Glass 3Tần số quét 90 Hz, 500 nits",,,,,,6.58 inches,Li-Po 5000 mAh,
108MP - 8MP - 2MP,,256 GB,,,,67W,MediaTek Dimensity 1080 (6 nm),8Gb,,Realme 10 Pro Plus 8GB 256GB Box,,16 MP,,"Blue,White,Black",,,,,,,1080 x 2412 pixels,,Realme,new,"Android 13, Realme UI 4.0",,,,,,,,,,6.7 inches,5000 mAh,
108MP - 8MP - 2MP,,128GB,,,,67W,MediaTek Dimensity 1080 (6 nm),8Gb,,Realme 10 Pro Plus 8GB 128GB Box,,16 MP,,"Blue,White,Black",,,,,,,1080 x 2412 pixels,,Realme,new,"Android 13, Realme UI 4.0",,,,,,,,,,6.7 inches,5000 mAh,
48MP + 8MP + 2MP,,256 GB,,,,67W,Qualcomm Snapdragon 870,8Gb,,Xiaomi Redmi K40s (5G) 8GB 256GB Box,,20 MP,,"Black,Green,Silver,Blue",,,,,,,1080 x 2400 pixels,,Xiaomi,new,"Androi 12, MIUI 13",,,,,,,,,,6.67 inches,4500 mAh,
64MP – 8MP – 2MP,,128GB,,,,80W,Qualcomm SM8250-AC Snapdragon 870 5G (7 nm),8Gb,,Realme Q5 Pro 8GB 128GB Box,,16 MP,,"White,Black,Yellow",,,,,,,1080 x 2400 pixels,,Realme,new,"Androi 12, MIUI 13",,,,,,,,,,6.62 inch,5000 mAh,
"Camera góc rộng: 12MP, ƒ/1.8",,256 GB,,,,,A14 Bionic,,,iPad Gen 10 10.9 inch 2022 Wifi 256GB I Chính hãng Apple Việt Nam,,"Camera góc siêu rộng: 12MP, 122°, ƒ/2.4",,"Blue,Gray,Orange,Pink",,,,,,,1640 x 2360 Pixels,,,,iPadOS 16,,,IPS LCD,"True Tone, 500 nits",,,,,,10.9 inches,,
"Camera góc rộng: 12MP, ƒ/1.8",,256 GB,,,,,A14 Bionic,,,iPad Gen 10 10.9 inch 2022 Wifi + 5G 256GB I Chính hãng Apple Việt Nam,,"Camera góc siêu rộng: 12MP, 122°, ƒ/2.4",,"Blue,Gray,Orange,Pink",,,,,,,1640 x 2360 Pixels,,,,iPadOS 16,,,IPS LCD,"True Tone, 500 nits",,,,,,10.9 inches,,
64MP – 8MP – 2MP,,128GB,,,,67W,MediaTek MT6891Z Dimensity 1100 (6 nm),8Gb,,Xiaomi Poco X3 GT 8GB 128GB Chính Hãng,,16 MP,,"Black,Blue,White",,,,,,,1080 x 2400 pixels,,Xiaomi,new,"Android 11, MIUI 12.5 for POCO",,,,,,,,,,6.6 inch,5000 mAh,
64MP - 13MP - 2MP - 2MP,,64GB,,,,33w,Qualcomm SM7150-AC Snapdragon 732G (8 nm),6GB,,Xiaomi Poco X3 NFC 6GB 64GB Chính Hãng,,20 MP,,"Blue,Black",,,,,,,1080 x 2400 pixels,,Xiaomi,new,"Android 10, MIUI 12",,,,,,,,,,6.67 inches,Li-Po 5160mAh,
,,128GB,,,,33w,Qualcomm SM7350-AB Snapdragon 780G (5 nm),8Gb,,Xiaomi 11 Lite (5G) 8GB 128GB Chính Hãng,,64MP - 8MP - 5MP,,"Green,Black,Yellow",,,,,,,1080 x 2400 pixels,,Xiaomi,new,"Android 11, MIUI 13",,,,,,,,,,6.55 inch,4250mAh,
"48 MP, (góc rộng), 0.8µm, PDAF 2 MP, f/2.4, (độ sâu) Quay phim: 1080p@30/60fps",,128GB,,,,,Snapdragon 4 Gen 1,4GB,,Xiaomi Redmi Note 12 5G 4GB 128GB,,"8 MP, f/2.0, (góc rộng), 1/4"", 1.12µm Quay phim: 1080p@30fps",,"Black,Blue,Silver",,,,,,,,,Xiaomi,new,,,,,,,,,,,6.67 inches,Li-Po 5000 mAh,
64MP – 8MP – 2MP,,256 GB,,,,65w,MediaTek MT6893 Dimensity 1200 (6 nm),12 GB,,Realme GT Neo 2T 12GB 256GB Box,,16 MP,,"Black,White",,,,,,,1080 x 2400 pixels,,Realme,new,"Android 11, Realme UI 2.0",,,,,,,,,,6.43 inch,4500 mAh,
64MP – 8MP – 2MP,,256 GB,,,,65w,Qualcomm SM8250-AC Snapdragon 870 5G (7 nm),8Gb,,Realme GT Neo 2 8GB 256GB Box,,16 MP,,"Green,Blue,Black",,,,,,,1080 x 2400 pixels,,Realme,new,"Androi 12, MIUI 13",,,,,,,,,,6.62 inch,Li-Ion 5000mAh,
64MP – 8MP – 2MP,,256 GB,,,,80W,Qualcomm SM8250-AC Snapdragon 870 5G (7 nm),8Gb,,Realme Q5 Pro 8GB 256GB Box,,16 MP,,"White,Black,Yellow",,,,,,,1080 x 2400 pixels,,Realme,new,"Androi 12, MIUI 13",,,,,,,,,,6.62 inch,5000 mAh,
50MP + 2MP + 2MP,,128GB,,,,65w,Snapdragon 695 5G 8 nhân,8Gb,,Realme Q5 8GB 128GB Box,,16 MP,,"White,Black,Yellow",,,,,,,1080 x 2412 pixels,,Realme,new,"Androi 12, MIUI 13",,,,,,,,,,6.6 inch,Li-Ion 5000mAh,
64MP – 8MP – 2MP,,128GB,,,,67W,MediaTek Dimensity 8100 (5 nm),6GB,,Xiaomi Redmi Note 11T Pro 6GB 128GB Box,,16 MP,,"Silver,Blue,Black,White",,,,,,,1080 x 2460 pixels,,Xiaomi,new,"Androi 12, MIUI 13",,,,,,,,,,6.6 inches,5080mAh,
50Mp + 8MP + 2MP,,128GB,,,,67W,MediaTek Dimensity 1080 (6 nm),6GB,,Xiaomi Redmi Note 12 Pro (5G) 6GB 128GB Box,,16 MP,,"Blue,Purple,White,Black",,,,,GSM / CDMA / HSPA / EVDO / LTE / 5G,Chân sạc Type C,1080 x 2400 pixels,,Xiaomi,new,"Androi 12, MIUI 13",,,,,,,,,,6.67 inches,5000 mAh,
48MP + 8MP + 2MP,,128GB,,,,67W,Qualcomm Snapdragon 870,8Gb,,Xiaomi Redmi K40s (5G) 8GB 128GB Box,,20 MP,,"Green,Silver,Blue,Black",,,,,,,1080 x 2400 pixels,,Xiaomi,new,"Androi 12, MIUI 13",,,,,,,,,,6.67 inches,4500 mAh,
0.3 MP,,128 MB,,2 SIM (Nano-SIM),,,Unisoc T107 (22 nm),,,Nokia 5710 Xpress Audio,,,,"Black,Silver",,,,,,,240 x 320 pixels,,,,S30+,,,,,,,,,,2.4 inches,Li-Ion 1450 mAh Thời gian đàm thoại trên điện thoại lên đến 6 tiếng với 4G Tai nghe earbuds lên đến 2.4 tiếng đàm thoại và đến 4 tiếng nghe nhạc,
"Camera chính: 48 MP, F1.8 Camera góc siêu rộng: 8 MP, F2.2 Camera macro: 5 MP, F2.4 Camera chân dung: 2.0 MP, F2.4",,128 GB,,2 SIM (Nano-SIM),,Sạc nhanh 25W,2 nhân 2.4 GHz &amp; 6 nhân 2 GHz,8 GB,,Samsung Galaxy A33 (5G) 8GB 128GB Chính hãng,,"13 MP, f/2.2",Cáp Type C,"Black,Blue,Orange,White",,,,,,,"Super AMOLED, 6.4"", Full HD+",,,new,Android 12,,,,,,,,,,6.4 inches,5000 mAh,
108MP - 8MP - 2MP,,128GB,,2 nano SIM,,Sạc nhanh 120W,MediaTek Dimensity 8100-Ultra,8Gb,,Xiaomi 12T 8GB 128GB Chính hãng,,20MP,,"Silver,Blue,Black",,,,,,,1220 x 2712 pixels,,Xiaomi,new,"Android 12, MIUI 13",,,,,,,,Không hỗ trợ thẻ nhớ,,6.67 inches,5000 mAh,
Chính 8MP &amp; Phụ QVGA,,32 GB,,"2 Nano SIM, Hỗ trợ 4G",,,MediaTek MT6761 (Helio A22),2 GB,,Xiaomi Redmi A1 2GB 32GB Chính hãng,,5 MP,,"Black,Blue",,,,,,,,,Xiaomi,new,Android 12,,,,,,,,,,,5000 mAh,
13+2+2 MP,,64GB,,2 SIM (Nano-SIM),,,Exynos 850 (8nm),4GB,,Samsung Galaxy A04s (4G) 4GB 64GB chính hãng,,5 MP,,"Pink,Midnight Green,Black",,,,,,,1366 x 768 pixels (HD+),,Samsung,new,Android 12 One UI,,,,,,,,,,6.5 inches,5000 mAh,
64MP – 8MP – 2MP,,128GB,,,,,Qualcomm SM8450 Snapdragon 8 Gen 1 (4 nm),8Gb,,Xiaomi Poco F4 GT 8GB 128GB Chính hãng,,20 MP,,"Silver,Yellow,Black",,,,,,,1080 x 2400 pixels,,Xiaomi,new,Android 12,,,,,,,,,,,4700 mAh,
8.0 MP,,64GB,,2 nano SIM,,,Octa-core 1.6 GHz,,,Realme Narzo 50i 4GB 64GB Chính hãng,,"5 MP, f/2.2",,"Green,Black",,,,,,,720 x 1600 pixels,,Realme,new,Android 11,,,,,,,,Hỗ trợ thẻ nhớ microSDXC,,6.5 inches,5000 mAh,
13MP,,64GB,,2 nano SIM,,,MediaTek MT6762D Helio A25 (12 nm),4 GB,,Tecno Spark 6 GO 4GB 64GB Chính hãng,,8MP,,"Green,Blue,Orange",,,,,,,720 x 1600 pixels,,,,Android 10,,,,,,,,Hỗ trợ thẻ nhớ microSDXC,,6.52 inches,Li-Ion 5000mAh,
Chính 48 MP &amp; Phụ 2 MP,,32 GB,,2 nano SIM,,,Unisoc T606 8 nhân,2 GB,,Samsung Galaxy A03 Core 2GB 32GB Chính hãng,,5 MP,,"Black,Blue",New,,,,,,"HD+ (720 x 1600 Pixels), Chính 48 MP &amp; Phụ 2 MP, 5 MP",,Samsung,new,Android 11,,,PLS LCD,,,,,,,,5000 mAh,
"AI 50MP AF, f/1.8+ 2MP, cảm biến độ sâu trường ảnh",,32 GB,,Nano-SIM,,,Unisoc T606,3 GB,,Nokia G11 Plus 3GB 32GB Chính hãng,,"8 MP, f/2.0",,"Xanh Dương,Xám",,,,,,,,,,,Android™ 12,,,,,,,,,,6.52 inches,5000mAh3 pin liền,
"AI 50MP AF, f/1.8+ 2MP, cảm biến độ sâu trường ảnh",,64GB,,Nano-SIM,,,Unisoc T606,3 GB,,Nokia G11 Plus 3GB 64GB Chính hãng,,"8 MP, f/2.0",,"Xanh Dương,Xám",,,,,,,,,,,Android™ 12,,,,,,,,,,6.52 inches,5000mAh3 pin liền,
Camera chính: 108MP Camera góc siêu rộng: 12MP Camera tele: 10MP (3x zoom),,512 GB,,,,,Snapdragon 8 Plus Gen 1,12 GB,,Samsung Galaxy Z Fold4 (5G) 12GB 512GB Chính hãng,,10MP (bên ngoài) + 4MP (dưới màn hình),,"Black,Gold,Green",,,,,,,,,Samsung,new,,,,AMOLED,"Màn hình chính: 7,6 inch QXGA + AMOLED, 120HzMàn hình phụ: 6.2 inch HD + AMOLED, 120Hz",,,,,,7.6 inches,"4,400 mAh",
"13MP , f/2.2 Camera cảm biến độ sâu: 2MP, f/2.4",,32 GB,,2 SIM (Nano-SIM),,,MediaTek Helio G25,2 GB,,Xiaomi Redmi 10A 2GB 32GB Chính hãng,,"5MP, f/2.2",,"Artic Silver,Blue,Gray",,,,,,,1600 x 720 pixels (HD+),,,new,"MIUI 12.5, Android 11","Octa-core CPU, up to 2.0GHz",,,,,,,,,6.53 inches,5000 mAh,
"Chính 108 MP &amp; Phụ 8 MP, 2 MP",,128 GB,,"2 Nano SIM, Hỗ trợ 5G",,,Snapdragon 695 5G 8 nhân,6 GB,,Xiaomi Poco X4 Pro (5G) 6GB 128GB Chính hãng,,16 MP,,"Yellow,Black,Blue",,Xiaomi.,,,,,1080 x 2400 pixels,,Xiaomi,new,"Android 11, MIUI 13 for POCO",,"AMOLED, 6.67"", Full HD+",,,,,,,,,5000 mAh,
64MP – 8MP – 2MP,,256 GB,,2 nano SIM,,,MediaTek Dimensity 900 5G,8 GB,,Oppo Reno 7 (5G) 8GB 256GB Chính hãng,OPPO,32 MP,,"Black,Blue",NEW,,,,,,,,Oppo,new,"Android 11, ColorOS 12",,,,,,,,,,6.43 inches,4500 mAh,
"Cụm 3 camera Chính 64 MP &amp; Phụ 2 MP, 2 MP",,128 GB,,2 SIM (Nano-SIM),,,Snapdragon 695 5G 8 nhân,8 GB,,Oppo Reno 7 Z (5G) 8GB 128GB Chính hãng,OPPO,16 MP,,"Black,Silver",NEW,,,,,,1080 x 2400 pixels (FullHD+),,Oppo,new,Android 11 - ColorOS 12,,,AMOLED,,,,,,,6.43 inches,"4,500 mAh",
50MP + 5MP + 2MP + 2MP,,128GB,,,,,Snapdragon 680 (SM6225),4GB,,Samsung Galaxy A23 (4G) 4GB 128GB Chính hãng,,8MP,,"Black,Blue,Orange",New,,,,,,,,Samsung,,Android 11,,,,,,,,,,6.6 inches,5.000 mAh,
50MP + 5MP + 2MP + 2MP,,128 GB,,Nano-SIM,,,Exynos 850,4 GB,,Samsung Galaxy A13 (4G) 4GB 128GB chính hãng,,8MP,,"Black,Blue,Orange,White",New,,,,,,,,Samsung,,Android 12,,,,,,,,,,6.6 inches,Li-Po 5000 mAh,
12 MP,,256 GB,,1 Nano SIM &amp; 1 eSIM,,,Apple A15 Bionic,,,iPhone SE 3 2022 256GB,,7 MP,,,,,,,,,1334 x 750 pixels (HD+),,Apple,,IOS 15,6-core CPU,,,,New,138.4 x 67.3 x 7.3 mm,,,,4.7 inches,,
12 MP,,128GB,,1 Nano SIM &amp; 1 eSIM,,,Apple A15 Bionic,,,iPhone SE 3 2022 128GB,,7 MP,,,,,,,,,1334 x 750 pixels (HD+),,Apple,,IOS 15,6-core CPU,,,,New,138.4 x 67.3 x 7.3 mm,,,,4.7 inches,,
"Camera chính: 48 MP, F1.8 Camera góc siêu rộng: 8 MP, F2.2 Camera macro: 5 MP, F2.4 Camera chân dung: 2.0 MP, F2.4",,128 GB,,2 SIM (Nano-SIM),,Sạc nhanh 25W,2 nhân 2.4 GHz &amp; 6 nhân 2 GHz,6GB,,Samsung Galaxy A33 (5G) 6GB 128GB Chính hãng,,"13 MP, f/2.2",Cáp Type C,"Black,Blue,Orange,White",,,,,,,"Super AMOLED, 6.4"", Full HD+",,Samsung,new,Android 12,,,,,,,,,,6.4 inches,5000 mAh,
"Chính 108 MP &amp; Phụ 8 MP, 2 MP",,128GB,,"2 Nano SIM (SIM 2 chung khe thẻ nhớ), Hỗ trợ 5G",,,Snapdragon 695 5G 8 nhân,8 GB,,Xiaomi Redmi Note 11 Pro (5G) 8GB 128GB Chính hãng,XIAOMI,16 MP,,"Black,Blue,White",,,,,,,,,,new,Android 11,,,,,,,,,,6.67 inches,5000 mAh,
"Chính 108 MP &amp; Phụ 8 MP, 2 MP, 2 MP",,128GB,,"2 Nano SIM, Hỗ trợ 4G",,,MediaTek Helio G96 8 nhân,8 GB,,Xiaomi Redmi Note 11S 8GB 128GB Chính hãng,XIAOMI,16 MP,,"Blue,Gray,White",NEW,,,,,,,,,new,Android 11,,,,,,,,,,"AMOLED, 6.43"", Full HD+","5000 mAh,33 W",
12 MP,,64 GB,,1 Nano SIM &amp; 1 eSIM,,,Apple A15 Bionic,,,iPhone SE 3 2022 64GB,,7 MP,,,,,,,,,1334 x 750 pixels (HD+),,Apple,,IOS 15,6-core CPU,,,,New,138.4 x 67.3 x 7.3 mm,,,,4.7 inches,,
Chính 48 MP &amp; Phụ 2 MP,,32 GB,,2 nano SIM,,,Unisoc T606 8 nhân,3 GB,,Samsung Galaxy A03 (4G) 3GB 32GB Chính hãng,,5 MP,,"Black,Blue,Red",New,,,,,,"HD+ (720 x 1600 Pixels), Chính 48 MP &amp; Phụ 2 MP, 5 MP",,Samsung,new,Android 11,,,PLS LCD,,,,,,,,5000 mAh,
4 cam ( 16Mp + 2Mp + 5Mp + 2Mp ),,128GB,,,,,Helio G85,4GB,,BPhone A50 chính hãng,,8MP chụp góc rộng,,White,,,,,,,,,,,"Hệ điều hành BOS, bảo mật chống trộm, điều khiển bằng cử chỉ",,,,,,,,,,"6,7 icnhes","Pin 5.000 mAh, sạc nhanh 18 W",
4 cam ( 16Mp + 2Mp + 5Mp + 2Mp ),,128GB,,,,,Helio G85,6GB,,BPhone A60 chính hãng,,8MP chụp góc rộng,,Blue,,,,,,,,,,,"Hệ điều hành BOS, bảo mật chống trộm, điều khiển bằng cử chỉ",,,,,,,,,,"6,7 icnhes","Pin 5.000 mAh, sạc nhanh 18 W",
4 cam ( 16Mp + 2Mp + 5Mp + 2Mp ),,64 GB,,,,,Helio G85,4GB,,BPhone A40 4GB 64GB Chính hãng,,8MP chụp góc rộng,,White,,,,,,,,,,new,"Hệ điều hành BOS, bảo mật chống trộm, điều khiển bằng cử chỉ",,,,,,,,,,"6,7 icnhes","Pin 5.000 mAh, sạc nhanh 18 W",
13 MP,,32 GB,,2 Nano SIMHỗ trợ 4G,,,MediaTek Helio G35,3 GB,,Oppo A16K 3GB 32GB Chính hãng,OPPO,5 MP,,"Black,Blue",NEW,,,,,,,,Oppo,new,Android 11,,"IPS LCD, 6.52"", HD+",,,,,,,,,4230 mAh,
"Camera chính: 48MP, f/1.7, AF Camera chân dung: 2MP, f/2.4 Camera macro: 2MP, f/2.4",,128 GB,,2 SIM (Nano-SIM),,,Qualcomm® Snapdragon™ 662,8 GB,,Oppo A95 8GB 128GB Chính hãng,OPPO,"16MP, f/2.45",,"Black,Silver",NEW,,,,,,1080 x 2400 pixels (FullHD+),,,,"ColorOS 11.1, Android 11",,,,,,,,,,6.43 inches,5000 mAh,
0.08 MP,,128 MB,,"2, Nano SIM",,,Unisoc T107,48 MB,,Nokia 110 DS 4G – Sản phẩm chính hãng,NOKIA,,,"Gold,Black,Blue",NEW,,,,,,,,,,Nokia S30+,,"1.8"", QQVGA, QVGA",,,,,,,,,1020 mAh,
,,128 MB,,"2, Nano SIM",,,Unisoc T107,48 MB,,Nokia 105 DS 4G – Sản phẩm chính hãng,NOKIA,,,"Black,Blue,Red",NEW,,,,,,,,,,Nokia S30+,,"1.8"", QQVGA, QVGA",,,,,,,,,1020 mAh,
,,4GB,,"2, SIM Thường",,,,4GB,,Nokia 105 DS (2019) – Sản phẩm chính hãng,NOKIA,,,"Black,Blue",NEW,,,,,,,,,,Nokia S30+,,"1.77"", QQVGA, TFT, 120 x 160 Pixel",,,,,,,,,800 mAh,
13MP AF + 2MP FF Cảm biến độ sâu,,32 GB,,2 SIM (Nano-SIM),,,SC9863A 8 nhân 1.6GHz,3 GB,,Nokia C30 3Gb 32Gb – Sản phẩm chính hãng,NOKIA,5 MP,,"Blue,Green",NEW,,,,,,,,,,Android 11 (phiên bản Go) | 2 năm cập nhật bảo mật hàng quý,,,IPS LCD,,,,,,,6.82 inches,6000 mAh,
"Camera góc rộng: 108 MP, f/1.9, PDAF Camera góc siêu rộng: 8 MP Camera Tele: 2 MP, f/2.4",,128GB,,"2 Nano SIM (SIM 2 chung khe thẻ nhớ), Hỗ trợ 4G",,,MediaTek Helio G96 8 nhân,8 GB,,Xiaomi Redmi Note 11 Pro (4G) 8GB 128GB Chính hãng,XIAOMI,16 MP,,"Black,Blue,White",,,,,,,,,,new,Android 11,,,,,,,,,,6.67 inches,5000 mAh,
"Camera chính: 48 MP, f/1.7 Camera cận cảnh: 2 MP, f/2.4 Camera đơn sắc: 2 MP, f/2.4",,128GB,,2 SIM (Nano-SIM),,,"Qualcomm Snapdragon 662, tối đa 2.0GHz",8 GB,,Oppo A74 8GB 128GB Chính hãng,OPPO,"16 MP, f/2.4",,"Black,Blue",NEW,,,,,,,,Oppo,new,"Android 11, ColorOS 11.1",,,AMOLED,,,,,,,6.43 inches,Li-Po 5000 mAh,
"Camera góc rộng: 50 MP, f/2.2, 25mm 1/3.06"", 1.12µm, PDAF Camera cận cảnh: 2 MP, f/2.4 Camera xóa phông: 2 MP, f/2.4",,64 GB,,2 SIM (Nano-SIM),,,MediaTek Helio G35,4GB,,Oppo A55 4GB 64GB Chính hãng,OPPO,"16 MP, f/2.0",,"Black,Blue",NEW,,,,,,,,,new,,,,IPS LCD,,,,,,,6.5 inches,Li-Po 5000 mAh,
"Camera xóa phông: 2 MP, f/2.4, (depth)",,32 GB,,,,,Mediatek Helio P35,3 GB,,Samsung Galaxy A03s 3GB 32GB Chính hãng,,"5 MP, f/2.2",,"Black,Blue,Silver",,,,,,,,,Samsung,new,"Android 11, One UI 3.1",,,,,,,,,,"6,4 inches",Li-Po 5000mAh,
Cảm biến LiDAR,,256 GB,,1 nano SIM + 1 eSIM,,,Apple A15 Bionic Chip,4GB,,iPhone 13 256GB Chính hãng VN/A,,12 MP,,"Black,Blue,Pink,Red,Silver,Green",,,,,,,,,Apple,new,IOS 15,,,,,,,,,,"6,1 inches",3240mAh,
"Camera xóa phông: 2 MP, f/2.4, (depth)",,64 GB,,,,,Mediatek Helio P35,4GB,,Samsung Galaxy A03s 4GB 64GB Chính hãng,,"5 MP, f/2.2",,"Black,Blue,Silver",New,,,,,,,,Samsung,new,"Android 11, One UI 3.1",,,,,,,,,,"6,4 inches",Li-Po 5000mAh,
"Tele: 12MP, F2.4",,256 GB,,Nano SIM + eSIM,"10MP, F2.2",,Snapdragon 888 (5nm),12 GB,,Samsung Galaxy Z Fold3 5G Chính Hãng,,"4MP, F1.8",,"Black,Silver,Green",,,,,,,"Màn hình phụ: 6.2 inch, 2268 x 832 (HD+), Dynamic AMOLED 2X 120Hz",,Samsung,,Android 11,,,,,New,,,,,,4400 mAh Sạc nhanh 25W/Sạc không dây 10W Chia sẻ Pin không dây,8 nhân
"Chính 64 MP &amp; Phụ 8 MP, 2 MP",,128 GB,,"2 Nano SIM, Hỗ trợ 5G",,,MediaTek Dimensity 800U 5G,8 GB,,Oppo Reno6 Z 8GB 128GB Chính hãng,OPPO,32 MP,,"Silver,Black",NEW,,,,,,"AMOLED, 6.43"", Full HD+",,Oppo,new,Android 11,,,,,,,,,,,"4310 mAh, 30 W",
"Chính 64 MP &amp; Phụ 8 MP, 2 MP",,128 GB,,"2 Nano SIM, Hỗ trợ 5G",,,MediaTek Dimensity 900 5G,8Gb,,OPPO Reno6 (5G) 6GB 128GB Chính hãng,,32 MP,,"Silver,Black",,,,,,,"AMOLED, 6.43"", Full HD+",,Oppo,new,Android 11,,,,,,,,,,,"4300 mAh, 65 W",
4 cam (64MP + 8MP +2MP + 2MP),,128 GB,,,,,MediaTek Helio G95,8Gb,,Xiaomi Redmi Note 10S 8Gb 128GB Chính hãng,XIAOMI,13MP,,"Black,Blue,White",,,,,,,Full HD+ (1080 x 2400 Pixels),,,new,MIUI 12,,,,,,,,,,6.43 inches,Li-Po 5000mAh,
13 MP,,32 GB,,,,,MediaTek Helio G25 8 nhân,2GB,,Xiaomi Redmi 9A 2GB 32GB Chính hãng,XIAOMI,5 MP,,"Green,Black,Blue",,,,,,,HD+ (720 x 1600 pixels),,,new,MIUI 11 - Android 10,,,,,,,,,,6.53 inches,Li-Po 5000mAh,
108MP - 8MP - 2MP,,128GB,,,,67W,Qualcomm SM7325 Snapdragon 778G 5G (6 nm),6GB,,Xiaomi Poco X5 Pro (5G) 6GB 128GB Chính Hãng,,16 MP,,"Blue,Black,Yellow",,,,,,,1080 x 2400 pixels,,Xiaomi,new,"Android 12, MIUI 14",,,,,,,,,,6.67 inches,5000 mAh,
50Mp + 8MP + 2MP,,256 GB,,,,150W,Qualcomm SM8475 Snapdragon 8+ Gen 1 (4 nm),12 GB,,Realme GT Neo 5 12Gb 256GB Box,,16 MP,,"White,Purple,Black",,,,,,,1240 x 2772 pixels,,Realme,new,"Android 13, Realme UI 4.0",,,,,,,,,,6.74 inchs,5000 mAh,
50MP,,128GB,,,,sạc nhanh 18W,Mediatek MT8781 Helio G99 (6nm),8 GB,,Tecno Pova 4 (4G) 8GB 128GB Chính Hãng,Tecno,8MP,,"Blue,Black",,,,,,,720 x 1600 pixels,,,new,"Android 12, HIOS",,,,,,,,,,"6,82 inchs",6000 mAh,
50MP,,64GB,,,,10w,MediaTek MT6769Z Helio G85 (12nm),4GB,,Xiaomi Redmi 12C 4GB 64GB Chính Hãng,Xiaomi,"5MP, f/2.2",,"Violet,Blue,Green,Black",,,,,,,720 x 1650 pixels,,,new,"Androi 12, MIUI 13",,,,,,,,,,6.71 inches,5000 mAh,
200MP - 10MP - 10MP,,1 TB,,,,Sạc nhanh 25W,Qualcomm SM8550 Snapdragon 8 Gen 2 (4 nm),12 GB,,Samsung Galaxy S23 Ultra (5G) 12GB 1TB Chính Hãng,,12MP,,"Green,Lavender,Cream,Aura Black",,,,,,,1440 x 3088 pixels (QHD+),,Samsung,new,,,,,,,,,,,6.8 inches,5000 mAh,
