Loại cảm ứng,Số Camera Selfie,Bluetooth,Thương hiệu,Cảm biến,Bộ nhớ trong,Dung lượng pin,Phụ kiện trong hộp,Màu màn hình,Tần số quét,Chất liệu mặt kính,Chất liệu,Thông báo LED,Bảo mật,Loại PIN,Công nghệ màn hình,Tốc độ tối đa,Thẻ nhớ ngoài,Tỷ lệ tương phản,Làm mát,Trọng lượng sản phẩm,Thời gian bảo hành (tháng),Độ phân giải,Camera Type 3,GPS,Hỗ trợ mạng,64 Bits,Type,Chuẩn màn hình,Sensor,Tên,Số khe SIM,CPU,Danh bạ lưu trữ,Aperture,Tỷ lệ diện tích sử dụng màn hình,OS,Cổng giao tiếp,Độ sáng tối đa,Loại SIM,Mật độ điểm ảnh,Số nhân,Hỗ trợ thẻ nhớ tối đa,Camera Type 1,Quay phim,Xuất xứ,GPU,Loại CPU,Camera Type 4,Version,Độ phủ màu,Kích thước,Resolution,Tính năng,Chuẩn kháng nước / Bụi bẩn,Phiên bản CPU,Tính năng đặc biệt,Hướng dẫn sử dụng,Công nghệ pin,Giá thị trường,RAM,Hướng dẫn bảo quản,Số camera sau,Pixel size,Kích thước màn hình,Camera Type 2,Wifi,Bộ nhớ còn lại,RAM Type,Kết nối khác,Kích thước màn hình phụ,Thời điểm ra mắt,Tỷ lệ khung hình
Điện dung đa điểm,Single selfie camera,v5.3,Apple,Cảm biến khí áp kế,256 GB,29 Giờ,Cáp USB-C to USB-C,,,Phủ Ceramic,Khung máy: Titanium,,Mở khóa bằng mật mã,Lithium-ion,OLED,,,2.000.000:1,,221 g,12,2796 x 1290 Pixels,Telephoto,GPS,5G,,,Super Retina XDR,,iPhone 15 Pro Max 256GB,1,,,,,iOS,Cổng sạc: Type C,2000 nits,"1 eSIM, 1 Nano SIM",,,,Standard,Quay phim FullHD,Trung Quốc,,6 - Core,,iOS 17,,159.9 x 76.7 x 8.25 mm,12.0 MP,Ổn định hình ảnh quang học,IP68,Apple A17 Pro,,,Sạc ngược cho thiết bị khác,34990000.0,8 GB,,Triple rear camera,,6.7 inch,Ultra Wide,Wifi 6,,,NFC,,09/2023,
Điện dung đa điểm,Single selfie camera,v5.2,Samsung,Cảm biến trọng lực,128 GB,3700 mAh,Cáp,16 Triệu,120,Gorilla Glass Victus,Khung máy: Hợp kim nhôm,Không,Mở khóa vân tay dưới màn hình,Lithium-ion,Dynamic AMOLED 2X,2.2 GHz,Không,,Không,167 g,12,1080 x 2340 Pixels,Telephoto,A-GPS,4G,Không,,FHD+,,Samsung Galaxy S22 5G 128GB,2,,Không giới hạn,ƒ/2.2,,Android,Cổng sạc: Type C,1200 nits,"2 Nano SIM hoặc 1 eSIM, 1 Nano SIM",,8,,Standard,Quay phim FullHD,Việt Nam / Trung Quốc,Adreno 730,Octa-Core,,Android 12,,146 x 70.6 x 7.6 mm,10.0 MP,HDR,IP68,Snapdragon 8 Gen 1,,Xem trong sách hướng dẫn sử dụng,Sạc pin nhanh,21990000.0,8 GB,"Để nơi khô ráo, nhẹ tay, dễ vỡ.",Triple rear camera,,6.1 inch,Ultra Wide,802.11 a/b/g/n/ac/ax,Khoảng 100 GB,,NFC,,07/2022,
Điện dung đa điểm,Single selfie camera,v5.2,Oppo,Cảm biến trọng lực,256 GB,5000 mAh,Sạc,16 Triệu,90,Gorilla Glass 5,Khung máy: Hợp kim,Có,Mở khóa vân tay dưới màn hình,Lithium polymer,AMOLED,2.2 GHz,MicroSD,,Có,182.5 g,12,1080 x 2400 Pixels,Macro lens,A-GPS,4G,Có,,FHD+,,OPPO Reno8 T 4G 256GB,2,,Không giới hạn,ƒ/2.4,,Android,Cổng sạc: Type C,800 nits,2 Nano SIM,,8,2 TB,Wide,Quay phim HD,Trung Quốc,,Octa-Core,,Android 13.0 (ColorOS 13),,160.8 x 73.8 x 7.85 mm,32.0 MP,Nhãn dán (AR Stickers),Không,MediaTek Helio G99,,Xem trong sách hướng dẫn sử dụng,Sạc siêu nhanh SuperVOOC,8490000.0,8 GB,"Để nơi khô ráo, nhẹ tay, dễ vỡ.",Double rear camera,,6.4 inch,Mono,802.11 a/b/g/n/ac,,,OTG,,02/2023,
,Single selfie camera,v5.2,Honor,Cảm biến phi vật lý,256 GB,5000 mAh,Ốp lưng,1.07 tỷ,120 Hz,Kính nhựa,Nhựa,,Mở khóa khuôn mặt,Lithium polymer,AMOLED,2.5 GHz,Không,,,183 g,12,2664 × 1200 Pixels,,A-GPS,3G,,,OLED,,Honor 90,,1 × Cortex-A710 2.5 GHz + 3 × Cortex-A710 2.36 GHz + 4 × Cortex-A510 1.8 GHz,,ƒ/2.4,,Android,,,,,8,,,,Trung Quốc,Adreno 644,,,Android 13.0,,161.9 x 74.1 x 7.80 mm,50.0 MP,Bộ lọc màu,,Snapdragon 7 Gen 1,,,,10990000.0,12 GB,,Triple rear camera,,6.7 inch,,"802.11 a/b/g/n/ac/ax, 2x2 MIMO",,,,,11.2023,19.98:9
Điện dung đa điểm,Single selfie camera,,Samsung,Cảm biến vân tay,128 GB,5000 mAh,Adapter,,120,,,,Mở khóa vân tay,Lithium polymer,PLS LCD,2.4 GHz,MicroSD,,,197 g,12,1080 x 2408 Pixels,Macro lens,GLONASS,5G,,,FHD+,,Samsung Galaxy A23 5G,2,,,ƒ/2.2,83%,Android,Type C,,2 Nano SIM,400 ppi,8,1 TB,Wide,,Việt Nam / Trung Quốc,,,Portrait,Android 12,,164.5 x 76.9 x 8.4 mm,8.0 MP,Chống rung quang học (OIS),,Snapdragon 695 5G,,Xem trong sách hướng dẫn sử dụng,,5990000.0,4 GB,"Để nơi khô ráo, nhẹ tay, dễ vỡ.",Quad rear camera,,6.6 inch,Ultra Wide,,,,,,2022,20:9
,Single selfie camera,v5.2,Xiaomi,,128 GB,5000 mAh,Sạc,,90 Hz,,Mặt lưng máy: Nhựa,,Mở khoá vân tay cạnh viền,,IPS LCD,1 GHz,MicroSD,,,192 g,18,720 x 1600 Pixels,,BDS,4G,,,HD+,,Xiaomi Redmi 13C 6GB-128GB,2,,,,,Android,Cổng sạc: Type C,,2 Nano SIM,,8,1 TB,,FullHD 1080p@30fps,Trung Quốc,Mali-G52 MC2,,,Android 12,,168 x 78 x 8.09 mm,8.0 MP,Xoá phông,Không,Helio G85,,,,3490000.0,6 GB,,Double rear camera,,6.74 inch,,802.11 a/b/g/n/ac,Khoảng 115 GB,,,,11/2023,
,Single selfie camera,Có,Samsung,,128 GB,5000 mAh,,,60,,Nhựa Polycarbonate,,,,PLS LCD,,MicroSD,,,195 g,12,720 x 1600 Pixels,,GLONASS,4G,,,HD+,,Samsung Galaxy A05 128GB,2,,,ƒ/2.2,,Android,Type C,1000 nits,2 Nano SIM,,8,1 TB,Wide,,Việt Nam / Trung Quốc,,,,Android 13.0,,168 x 78.2 x 8.8 mm,8.0 MP,,,Helio G85,,Xem trong sách hướng dẫn sử dụng,,3090000.0,4 GB,"Để nơi khô ráo, nhẹ tay, dễ vỡ.",Double rear camera,,6.7 inch,Ultra Wide,802.11 a/b/g,,,,,09/2023,
Cảm ứng đa điểm,Single selfie camera,v5.3,Honor,,256 GB,4500 mAh,Ốp lưng,16.7 Triệu,,,Nhựa,,,Lithium polymer,,2 GHz,Không,,,179 g,12,2388 x 1080 Pixels,,A-GPS,3G,,,LTPS LCD,,Honor 90 Lite 5G 8GB 256GB,,2 x Cortex-A76 2.20 GHz + 6 x Cortex-A55 2.00 GHz,,ƒ/2.45,,Android,,,,,8,,,,Trung Quốc,Mali-G57 MC2,,,Android 13.0,,162.9 x 74.5 x 7.48 mm,16.0 MP,Siêu cận (Macro),,MediaTek Dimensity 6020,,,,6490000.0,8 GB,,Triple rear camera,,6.7 inch,,802.11 a/b/g/n/ac,Khoảng 256 GB,,,,11.2023,19:9:9
Điện dung đa điểm,Single selfie camera,v5.3,Oppo,Cảm biến gia tốc,128 GB,5000 mAh,Ốp lưng,1 Tỷ,120,Kính cường lực AGC DT-Star2,Khung máy: Hợp kim,,Mở khóa vân tay dưới màn hình,Lithium polymer,AMOLED,2.6 GHz,MicroSD,,,185 g,12,1080 x 2412 Pixels,Ultra Wide,A-GPS,4G,Có,,FHD+,,OPPO Reno10 5G 128GB,2,,Không giới hạn,ƒ/2.4,93%,Android,Cổng sạc: Type C,,2 Nano SIM,,8,2 TB,Standard,Quay phim Slow Motion,Trung Quốc,Mali-G68 MC4,Octa-Core,,Android 13.0 (ColorOS 13.1),,162.43 x 74.19 x 7.99 mm,32.0 MP,Chế độ chân dung,IPX4,MediaTek Dimensity 7050 5G,Ứng dụng kép (Nhân bản ứng dụng),Xem trong sách hướng dẫn sử dụng,Sạc siêu nhanh SuperVOOC,9990000.0,8 GB,"Để nơi khô ráo, nhẹ tay, dễ vỡ.",Triple rear camera,,6.7 inch,Telephoto,Wi-Fi Hotspot,,,Slot SIM/thẻ nhớ dùng chung,,07/2023,
,Single selfie camera,v5.2,Samsung,Cảm biến vân tay,128 GB,5000 mAh,,,120,,,,,,Super AMOLED,2.6 GHz,,,,199 g,12,1080 x 2400 Pixels,Macro lens,GPS,4G,,,FHD+,,Samsung Galaxy A34 5G,2,,,ƒ/2.2,,Android,Type C,1000 nits,2 Nano SIM,,8,,Wide,,Việt Nam / Trung Quốc,,,,Android 13.0,,161.3 x 78.1 x 8.2 mm,13.0 MP,Chống rung quang học (OIS),,MediaTek Dimensity 1080,,Xem trong sách hướng dẫn sử dụng,,8490000.0,8 GB,"Để nơi khô ráo, nhẹ tay, dễ vỡ.",Triple rear camera,,6.6 inch,Ultra Wide,802.11 a/b/g,,,,,3/2023,
,Single selfie camera,v5.0,Xiaomi,,128 GB,5000 mAh,Ốp lưng,,120,Gorilla Glass 3,,,Mở khoá vân tay cạnh viền,,AMOLED,2.8 GHz,MicroSD,,,183.5 g,18,1080 x 2400 Pixels,Macro lens,,4G,,,FHD+,,Xiaomi Redmi Note 12,2,,Không giới hạn,ƒ/2.45,,Android,,1200 nits,2 Nano SIM,,,,Wide,,Trung Quốc,Adreno 610,,,Android 13.0,,165.66 x 75.96 x 7.85 mm,13.0 MP,,IP53,Snapdragon 685,,Xem trong sách hướng dẫn sử dụng,,4990000.0,4 GB,"Để nơi khô ráo, nhẹ tay, dễ vỡ.",Triple rear camera,0.64 µm,6.67 inch,Ultra Wide,,,LPDDR4X,,,2023,
Điện dung đa điểm,Single selfie camera,v5.3,Apple,Cảm biến tiệm cận,128 GB,4323 mAh,Cáp,,120,Kính cường lực,,Có,Mở khóa bằng mật mã,Lithium-ion,OLED,3.46 GHz,Không,,,240 g,12,2796 x 1290 Pixels,Telephoto,GPS,5G,Có,,Super Retina XDR,,iPhone 14 Pro Max 128GB,1,,Không giới hạn,,,iOS,1 Lightning,2000 nits,"1 eSIM, 1 Nano SIM",,6,,Standard,Quay phim Slow Motion,Trung Quốc,Apple GPU 5 nhân,,,iOS 16,,160.7 x 77.6 x 7.85 mm,12.0 MP,Live Photo,IP68,Apple A16 Bionic,,Xem trong sách hướng dẫn sử dụng,,29990000.0,6 GB,"Để nơi khô ráo, nhẹ tay, dễ vỡ.",Triple rear camera,,6.7 inch,Ultra Wide,Wi-Fi Hotspot,Khoảng 113 GB,,NFC,,09/2022,
Điện dung đa điểm,Single selfie camera,v5.3,Oppo,Cảm biến gia tốc,128 GB,5000 mAh,Ốp lưng,16 Triệu,60 Hz,Kính cường lực Panda,Khung máy: Hợp kim,,Mở khoá vân tay cạnh viền,Lithium polymer,Màn hình chính: IPS LCD,2 GHz,MicroSD,,,192 g,12,Màn hình chính: 1080 x 2400 Pixels,,GPS,4G,,,Màn hình chính: FHD+,,OPPO A58 6GB-128GB,2,,Không giới hạn,ƒ/2.0,,Android,Audio Jack: Jack 3.5 mm,,2 Nano SIM,,8,1 TB,Standard,Quay phim HD,Trung Quốc,Mali-G52 MP2,,,Android 13.0 (ColorOS 13.1),,165.65 x 75.98 x 7.99 mm,8.0 MP,Nhãn dán (AR Stickers),IP54,Helio G85,Loa kép,Xem trong sách hướng dẫn sử dụng,Sạc siêu nhanh SuperVOOC,4990000.0,6 GB,"Để nơi khô ráo, nhẹ tay, dễ vỡ.",Double rear camera,,6.7 inch,Depth,802.11 a/b/g/n/ac,Khoảng 106 GB,,Jack 3.5 mm,,07/2023,
Điện dung đa điểm,Single selfie camera,Có,Samsung,,128 GB,5000 mAh,Cáp,,90,,Nhựa Polycarbonate,,Mở khoá vân tay cạnh viền,,PLS LCD,2.4 GHz,MicroSD,,,194 g,12,1080 x 2400 Pixels,Macro lens,GLONASS,4G,,,FHD+,,Samsung Galaxy A05s 128GB,2,,,ƒ/2.0,,Android,Type C,1000 nits,2 Nano SIM,,8,1 TB,Wide,,Việt Nam / Trung Quốc,,,,Android 13.0,,168 x 77.8 x 8.8 mm,13.0 MP,,,Snapdragon 680,,Xem trong sách hướng dẫn sử dụng,,3990000.0,4 GB,"Để nơi khô ráo, nhẹ tay, dễ vỡ.",Triple rear camera,,6.7 inch,Ultra Wide,802.11 a/b/g,,,Jack 3.5 mm,,09/2023,
Điện dung đa điểm,Single selfie camera,v5.2,Samsung,Cảm biến ánh sáng,128 GB,3700 mAh,Cáp,16 Triệu,120,,Mặt lưng máy: Kính cường lực,,Mở khóa bằng mật mã,Lithium-ion,Dynamic AMOLED 2X,,Không,,,183 g,12,1080 x 2636 Pixels,,A-GPS,4G,,,FHD+,,Samsung Galaxy Z Flip4 5G 128GB,2,,Không giới hạn,ƒ/2.4,82%,Android,Cổng sạc: Type C,1200 nits,"1 eSIM, 1 Nano SIM",,8,,Wide,Quay phim FullHD,Việt Nam,,Octa-Core,,Android 12,,165.2 x 71.9 x 6.9 mm,10.0 MP,Nhãn dán (AR Stickers),IPX8,Snapdragon 8+ Gen 1,,Xem trong sách hướng dẫn sử dụng,Sạc ngược cho thiết bị khác,23990000.0,8 GB,"Để nơi khô ráo, nhẹ tay, dễ vỡ.",Double rear camera,,6.7 inch,Ultra Wide,802.11 a/b/g/n,,LPDDR5,Computer sync,19 inch,08/2022,21:9
Điện dung đa điểm,Single selfie camera,v5.3,Oppo,Cảm biến gia tốc,128 GB,5000 mAh,Ốp lưng,16 Triệu,90 Hz,Kính cường lực Panda,Nhựa,,Mở khoá vân tay cạnh viền,Lithium polymer,LCD,2 GHz,MicroSD,,,188 g,12,720 x 1612 Pixels,,GPS,4G,,,HD+,,OPPO A18 4GB 128GB,2,,,ƒ/2.2,,Android,Audio Jack: Jack 3.5 mm,,2 Nano SIM,,8,1 TB,Standard,720p@30fps,Trung Quốc,Mali-G52 MP2,,,Android 13.0 (ColorOS 13.1),,163.74 x 75.03 x 8.16 mm,5.0 MP,,IP54,Helio G85,,Xem trong sách hướng dẫn sử dụng,,3990000.0,4 GB,"Để nơi khô ráo, nhẹ tay, dễ vỡ.",Double rear camera,,6.56 inch,Depth,802.11 a/b/g/n/ac,,,OTG,,11/2023,
,Single selfie camera,v5.0,Xiaomi,,32 GB,5000 mAh,Dây sạc Micro USB,,60,,Vỏ thân máy: Nhựa,,Mở khóa bằng mật mã,,IPS LCD,2.20 GHz,MicroSD,,,192 g,18,Màn hình chính: 720 x 1600 Pixels,,GPS,4G,,,HD+,,Xiaomi Redmi A2 2GB-32GB,2,,,ƒ/2.2,,Android,,,2 Nano SIM,,8,1 TB,Standard,720p@30fps,Trung Quốc,PowerVR GE8320,,,Android 13.0,,164.90 x 76.75 x 9.09 mm,5.0 MP,HDR,Không,MediaTek Helio G36,,Xem trong sách hướng dẫn sử dụng,,2190000.0,2 GB,"Để nơi khô ráo, nhẹ tay, dễ vỡ.",Single rear camera,,Chính: 6.52 inch,,802.11 a/b/g/n,,LPDDR4X,Jack 3.5 mm,,08/2023,20:9
Điện dung đa điểm,Single selfie camera,v4.2,Realme,Cảm biến gia tốc,64 GB,5000 mAh,Sạc,,60,,Nhựa,,Mở khoá vân tay cạnh viền,Lithium polymer,LCD,,MicroSD,,,186 g,12,720 x 1600 Pixels,,A-GPS,4G,,,HD,,realme C30s 3GB-64GB,2,1.6 GHz Cortex A55,Tùy bộ nhớ,,,Android,Micro-USB,,2 Nano SIM,,8,,Wide,1080p@30fps,Trung Quốc,,Octa-Core,,Android 12,,164.2 x 75.7 x 8.5 m,5.0 MP,HDR,,Unisoc SC9863A1,,Xem trong sách hướng dẫn sử dụng,,2690000.0,3 GB,"Để nơi khô ráo, nhẹ tay, dễ vỡ.",Single rear camera,,6.5 inch,,Wi-Fi Hotspot,,,Jack 3.5 mm,,09/2022,20:9
Điện dung đa điểm,Single selfie camera,v5.1,Xiaomi,Cảm biến trọng lực,128 GB,5000 mAh,Cáp Micro-USB,16 Triệu,90 Hz,Gorilla Glass 3,Mặt lưng máy: Nhựa,,Mở khóa bằng mật mã,Lithium polymer,IPS LCD,2 GHz,MicroSD,,,181 g,18,1080 x 2400 Pixels,Depth,GPS,4G,,,FHD+,,Xiaomi Redmi 10 4GB-128GB,2,,Tùy bộ nhớ,ƒ/2.0,,Android,Audio Jack: Jack 3.5 mm,,2 Nano SIM,,8,512 GB,Standard,Quay phim HD,Trung Quốc,Mali-G52 MC2,Octa-Core,Macro lens,Android 11,,161.9 x 75.5 x 8.9 mm,8.0 MP,Nhận diện khuôn mặt,Không,MediaTek Helio G88,,Xem trong sách hướng dẫn sử dụng,Sạc pin nhanh,4290000.0,4 GB,"Để nơi khô ráo, nhẹ tay, dễ vỡ.",Quad rear camera,,6.5 inch,Ultra Wide,802.11 a/b/g/n/ac,,,Slot SIM/thẻ nhớ dùng chung,,04/2022,
Điện dung đa điểm,Single selfie camera,v5.2,Samsung,Cảm biến vân tay,128 GB,5000 mAh,Cáp,,60 Hz,,Nhựa,,,,PLS LCD,2 GHz,MicroSD,,,201 g,12,1080 x 2408 Pixels,Depth,GPS,4G,,,FHD+,,Samsung Galaxy A14 4G,2,,Không giới hạn,ƒ/2.2,,Android,Type C,,2 Nano SIM,,8,1 TB,Wide,1080p@30fps,Việt Nam / Trung Quốc,,,,Android 12,,167.7 x 78.8 x 9.1 mm,13.0 MP,Xóa phông,,Exynos 850,,Xem trong sách hướng dẫn sử dụng,,4490000.0,4 GB,"Để nơi khô ráo, nhẹ tay, dễ vỡ.",Triple rear camera,,6.6 inch,Macro lens,802.11 a/b/g/n/ac,Khoảng 105 GB,,Jack 3.5 mm,,3/2023,
Điện dung đa điểm,,v5.1,Honor,,128 GB,5200 mAh,Thẻ bảo hành,16.7 Triệu,90 Hz,,Nhựa,,Mở khóa khuôn mặt,Lithium polymer,TFT LCD,,,,,188 g,12,720 x 1612 Pixels,Depth,A-GPS,3G,,,FHD,,Honor X6A 4GB-128GB,2,4 x Cortex A53 2.0 GHz + 4 x Cortex A53 1.5 GHz,,ƒ/2.2,84%,Android,,,2 Nano SIM,269 ​​ppi,8,,Standard,1080p@30fps,Trung Quốc,PowerVR GE8320,Octa-Core,,Android 13.0,,163.32 x 75.07 x 8.35 mm,5.0 MP,Chế độ chân dung,,MediaTek Helio G36,,Xem trong sách hướng dẫn sử dụng,,3490000.0,4 GB,"Để nơi khô ráo, nhẹ tay, dễ vỡ.",Triple rear camera,,6.56 inch,Macro lens,802.11 a/b/g/n/ac,,,Jack 3.5 mm,,T8.2023,20:9
Điện dung đa điểm,,v5.3,Asus,,512 GB,6000 mAh,Miếng dán màn hình,1 Tỷ,165,Gorilla Glass Victus,Kính Gorilla Glass 3,Không,Mở khóa vân tay,Lithium polymer,AMOLED,3.2 GHz,,,Có,239 g,12,2448 x 1080 Pixels,Macro lens,,5G,,,FHD+,Sony IMX766,Asus ROG Phone 7 16GB-512GB,2,,,ƒ/2.5,,Android,Jack 3.5 mm,1500 nits,2 Nano SIM,,8,,,Quay phim FullHD,Trung Quốc,Adreno 740,,,Android 13.0,,173 x 77 x 10.3 mm,32.0 MP,Toàn cảnh (Panorama),IP54,Snapdragon 8 Gen 2,,Xem trong sách hướng dẫn sử dụng,Sạc pin nhanh,24990000.0,16 GB,"Để nơi khô ráo, nhẹ tay, dễ vỡ.",Triple rear camera,,6.78 inch,,Wifi 6E,,LPDDR5,Bluetooth,,05/2023,
Điện dung đa điểm,Single selfie camera,v5.1,Xiaomi,Cảm biến khí áp kế,64 GB,5000 mAh,Sạc,,60,,,,Mở khóa vân tay,,IPS LCD,2 GHz,MicroSD,1500:1,,192 g,18,720 x 1650 Pixels,,BDS,4G,,,HD+,,Xiaomi Redmi 12C 4GB - 64GB,2,,Không giới hạn,ƒ/2.2,,Android,Cổng sạc: Micro-USB,,2 Nano SIM,,8,,Standard,Quay phim FullHD,Trung Quốc,Mali-G52 MC2,Octa-Core,,Android 12 (MIUI 13),70% NTSC,168.76 x 76.41 x 8.77 mm,5.0 MP,,,Helio G85,,Xem trong sách hướng dẫn sử dụng,,3590000.0,4 GB,"Để nơi khô ráo, nhẹ tay, dễ vỡ.",Double rear camera,,6.71 inch,Ống kính phụ trợ,802.11 a/b/g/n/ac,,,Jack 3.5 mm,,01/01/2023,20.6:9
Điện dung đa điểm,Single selfie camera,v5.3,Oppo,Cảm biến gia tốc,64 GB,5000 mAh,Cáp Micro-USB,16 Triệu,60,Kính cường lực Panda,Khung máy: Nhựa,Không,Mở khoá vân tay cạnh viền,Lithium polymer,LCD,2.3 GHz,MicroSD,,Không,189 g,12,720 x 1612 Pixels,,A-GPS,4G,,,HD+,,OPPO A17k 3GB-64GB,2,,Không giới hạn,ƒ/2.2,,Android,Audio Jack: Jack 3.5 mm,,2 Nano SIM,,8,1 TB,Standard,Quay phim HD,Trung Quốc,PowerVR GE8320,Octa-Core,,Android 12 (ColorOS 12.1),,164.2 x 75.6 x 8.3 mm,5.0 MP,Tự động lấy nét (AF),IPX4,Helio G35,,Xem trong sách hướng dẫn sử dụng,,3290000.0,3 GB,"Để nơi khô ráo, nhẹ tay, dễ vỡ.",Single rear camera,,"6,56 inch",,802.11 a/b/g/n/ac,,,OTG,,10/2022,
,,,Nokia,,128 MB,1020 mAh,Tai nghe,,,Kính thường,Nhựa,Có,Mở khóa bằng mật mã,,QQVGA,,,,,78.3 g,12,,,,4G,,,QQVGA,,Nokia 105 DS 4G,2,,Tùy bộ nhớ,,,,Audio Jack: Jack 3.5 mm,,2 Nano SIM,,2,,Standard,,Trung Quốc,,,,Nokia S30+,,121 x 50 x 14.5 mm,,,,Unisoc T107,,,Pin có thể tháo rời,820000.0,48 MB,,,,1.8 inch,,,,,Radio FM,,06/2021,
,,v5.1,Masstel,,128 MB,1000 mAh,Pin rời,,,,Mặt kính: Nhựa,Có,,Lithium-ion,QQVGA,,MicroSD,,,76 g,12,160 x 128 Pixels,,,4G,,,QQVGA,,Masstel Izi 15 4G,2,,2000 Số,,,Không,Jack 3.5 mm,,2 Nano SIM,,,128 GB,,,Trung Quốc,,,,Không,,120 * 50 * 14m m,,,,,,Xem trong sách hướng dẫn sử dụng,,390000.0,48 MB,"Để nơi khô ráo, nhẹ tay, dễ vỡ.",,,1.77 inch,,,,,,,2023,
Điện dung đa điểm,Single selfie camera,v5.3,Samsung,Cảm biến trọng lực,256 GB,5000 mAh,Cáp,16 Triệu,120,Gorilla Glass Victus,,Không,Mở khóa bằng mật mã,Lithium polymer,Dynamic AMOLED 2X,2.2 GHz,Không,,Không,234 g,12,1440 x 3088 Pixels,Telephoto,GLONASS,4G,Có,,QHD+,,Samsung Galaxy S23 Ultra 5G 256GB,1,,Không giới hạn,ƒ/2.2,,Android,Cổng sạc: Type C,,"2 Nano SIM hoặc 1 eSIM, 1 Nano SIM",,8,,Standard,Quay phim FullHD,Việt Nam / Trung Quốc,,Octa-Core,Telephoto,Android 13.0,,163.4 x 78.1 x 8.9 mm,12.0 MP,HDR,IP68,Snapdragon 8 Gen 2,,Xem trong sách hướng dẫn sử dụng,Sạc ngược cho thiết bị khác,31990000.0,8 GB,"Để nơi khô ráo, nhẹ tay, dễ vỡ.",Quad rear camera,,6.8 inch,Ultra Wide,802.11 a/b/g/n/ac/ax,,,,,02/2023,
Điện dung đa điểm,Double selfie camera,v5.2,Samsung,Cảm biến ánh sáng,256 GB,4400 mAh,Cáp,16 Triệu,120,Màn hình chính: Kính siêu mỏng Ultra Thin Glass (UTG),Mặt lưng máy: Kính cường lực,,Mở khoá vân tay cạnh viền,Lithium-ion,Dynamic AMOLED 2X,,Không,,,263 g,12,Màn hình chính: 2176 x 1812 Pixels,Telephoto,A-GPS,4G,Có,,WXGA+,,Samsung Galaxy Z Fold4,2,,Không giới hạn,ƒ/2.2,88%,Android,Cổng sạc: Type C,1200 nits,"1 eSIM, 1 Nano SIM",,8,,Wide,Quay phim Slow Motion,Việt Nam,Adreno 670,Octa-Core,,Android 12,,155.1 x 130.1 x 6.3 mm,4.0 MP,Flash màn hình,IPX8,Snapdragon 8+ Gen 1,Chặn cuộc gọi,Xem trong sách hướng dẫn sử dụng,Sạc ngược cho thiết bị khác,40990000.0,12 GB,"Để nơi khô ráo, nhẹ tay, dễ vỡ.",Triple rear camera,,7.6 inch,Ultra Wide,Wi-Fi Hotspot,,LPDDR5,OTG,6.2 inch,04/2023,21:9
Điện dung đa điểm,Single selfie camera,v5.3,Samsung,Cảm biến ánh sáng,256 GB,3700 mAh,Sách HDSD,16 Triệu,120,,Khung máy: Nhôm nguyên khối,,Mở khóa bằng mật mã,Lithium polymer,Dynamic AMOLED,,Không,,,187 g,12,1080 x 2636 Pixels,,GPS,4G,,,FHD+,,Samsung Galaxy Z Flip5 5G,1,,Không giới hạn,ƒ/2.4,,Android,Cổng sạc: Type C,1000 nits,"1 eSIM, 1 Nano SIM",,8,,Wide,Quay phim FullHD,Việt Nam / Trung Quốc,Adreno 740,Octa-Core,,Android 13.0,,165.2 x 71.9 x 6.9 mm,10.0 MP,Nhãn dán (AR Stickers),IPX8,Snapdragon 8 Gen 2,,Xem trong sách hướng dẫn sử dụng,Sạc ngược cho thiết bị khác,25990000.0,8 GB,"Để nơi khô ráo, nhẹ tay, dễ vỡ.",Double rear camera,,6.7 inch,Ultra Wide,802.11 a/b/g/n,,LPDDR5,,3.4 inch,07/2023,21:9
Điện dung đa điểm,Single selfie camera,v5.2,Asus,Cảm biến gia tốc,256 GB,6000 mAh,Ốp lưng,,165,Gorilla Glass Victus,Kính,,Mở khóa vân tay dưới màn hình,Lithium polymer,AMOLED,3.2 GHz,Không,,Có,228 g,12,2448 x 1080 Pixels,Macro lens,BDS,4G,Có,,FHD+,,Asus ROG Phone 6 12GB-256GB,2,,Không giới hạn,ƒ/2.2,82%,Android,Jack 3.5 mm,1200 nits,2 Nano SIM,395 ppi,8,,Wide,1080p@240fps,Trung Quốc,Adreno 730,,,Android 12,,172.83 x 77.25 x 10.39 mm,12.0 MP,Quay chậm (Slow Motion),IPX4,Snapdragon 8+ Gen 1,,Xem trong sách hướng dẫn sử dụng,,18990000.0,12 GB,"Để nơi khô ráo, nhẹ tay, dễ vỡ.",Triple rear camera,1.00 µm,6.78 inch,Ultra Wide,Wifi 6E,Khoảng 223 GB,LPDDR5,Jack 3.5 mm,,08/2022,
Điện dung đa điểm,Single selfie camera,v5.0,Apple,Cảm biến trọng lực,64 GB,2815 mAh,Cáp,16 Triệu,60,Phủ Ceramic,Mặt lưng máy: Kính,Không,Mở khóa bằng mật mã,Lithium-ion,OLED,3.1 GHz,Không,,Không,164 g,12,2532 x 1170 Pixels,,A-GPS,4G,Có,,Super Retina XDR,,iPhone 12 64GB,1,2 x Firestorm 3.1 GHz + 4 x Icestorm 1.8 GHz,Tùy bộ nhớ,ƒ/2.2,,iOS,Cổng sạc: Lightning,,"1 eSIM, 1 Nano SIM",,6,,Wide,Quay phim FullHD,Trung Quốc,,Hexa-Core,,iOS 14,,71.5 x 7.4 x 146.7 mm,12.0 MP,Nhận diện khuôn mặt,IP68,Apple A14 Bionic,,,Hỗ trợ sạc không dây,17990000.0,4 GB,,Double rear camera,,6.1 inch,Ultra Wide,802.11 ax,,,Computer sync,,10/2020,19.5:9
Điện dung đa điểm,Single selfie camera,v5.0,Apple,Cảm biến trọng lực,64 GB,3110 mAh,Cáp,16 Triệu,,Kính cường lực,Mặt lưng máy: Kính,Không,Mở khóa bằng mật mã,Lithium-ion,IPS LCD,2.65 GHz,Không,1400:1,Không,194 g,12,828 x 1792 Pixels,,GPS,4G,Có,,Liquid Retina HD,,iPhone 11 64GB,1,2 x Thunder 2.65 GHz + 4 x Lightning 1.8 GHz,Tùy bộ nhớ,ƒ/2.2,,iOS,,625 nits,"1 eSIM, 1 Nano SIM",324 ppi,6,,Wide,Quay phim HD,Trung Quốc,Apple GPU 4 nhân,Hexa-Core,,iOS 14,100% DCI-P3,75.7 x 8.3 x 150.9 mm,12.0 MP,Nhận diện khuôn mặt,IP68,Apple A13 Bionic,,,,11990000.0,4 GB,,Double rear camera,1.40 µm,6.1 inch,Ultra Wide,802.11 ax,,LPDDR4X,Radio FM,,09/2019,19.5:9
Điện dung đa điểm,Double selfie camera,v5.2,Xiaomi,Cảm biến gia tốc,128 GB,4500 mAh,Ốp lưng,Hơn 68 tỷ màu,120,Gorilla Glass 5,Mặt lưng máy: Kính,,Mở khóa vân tay dưới màn hình,,AMOLED,2.4 GHz,Không,5.000.000 : 1,,171 g,18,1080 x 2400 Pixels,Macro lens,BDS,4G,,,FHD+,Sony IMX355,Xiaomi 13 Lite 8GB-128GB,2,,Không giới hạn,ƒ/2.4,,Android,Cổng sạc: Type C,1000 nits,2 Nano SIM,402 ppi,8,,Wide,Quay phim FullHD,Trung Quốc,Qualcomm Adreno,,,Android 12,,159.2 x 72.7 x 7.23 mm,8.0 MP,Làm đẹp (Beautify),,Snapdragon 7 Gen 1,,Xem trong sách hướng dẫn sử dụng,Công nghệ tối ưu sạc Xiaomi AdaptiveCharge,10690000.0,8 GB,"Để nơi khô ráo, nhẹ tay, dễ vỡ.",Triple rear camera,0.80 µm,6.55 inch,Ultra Wide,802.11 a/b/g/n/ac,Khoảng 110 GB,LPDDR4X,NFC,,2023,20:9
Điện dung đa điểm,Single selfie camera,v5.0,Oppo,Cảm biến gia tốc,256 GB,5000 mAh,Ốp lưng,16 Triệu,Màn hình chính: 90,Màn hình chính: Gorilla Glass 5,Khung máy: Hợp kim,,Mở khóa vân tay dưới màn hình,Lithium polymer,Màn hình chính: AMOLED,2.40 GHz,MicroSD,,,180 g,12,Màn hình chính: 1080 x 2400 Pixels,,GPS,4G,,,Màn hình chính: FHD+,,OPPO A78 8GB-256GB,2,,Không giới hạn,ƒ/2.0,,Android,Type C,,2 Nano SIM,,8,1 TB,Standard,Quay phim HD,Trung Quốc,Adreno 610,,,Android 13.0 (ColorOS 13.1),,160 x 73.23 x 7.99 mm,8.0 MP,Nhãn dán (AR Stickers),IP54,Snapdragon 680,,Xem trong sách hướng dẫn sử dụng,Sạc siêu nhanh SuperVOOC,6990000.0,8 GB,"Để nơi khô ráo, nhẹ tay, dễ vỡ.",Double rear camera,,Chính: 6.4 inch,Bokeh,802.11 a/b/g/n/ac,,,Jack 3.5 mm,,07/2023,
Điện dung đa điểm,Single selfie camera,Có,Xiaomi,Cảm biến trọng lực,,5000 mAh,Ốp lưng,,120,,Mặt lưng máy: Kính,,Mở khóa bằng mật mã,Lithium polymer,AMOLED,205 GHz,MicroSD,,,207 g,18,1080 x 2400 Pixels,Super Wide + Super Macro,GPS,4G,Có,,FHD+,,Xiaomi Redmi Note 11 Pro 8GB - 128GB,2,,Không giới hạn,,,Android,,,2 Nano SIM,,8,,Standard,,Trung Quốc,,Octa-Core,Macro lens,Android 11,,76.2 x 8.3 x 163.7 mm,16.0 MP,,,MediaTek Helio G96,,,Sạc pin nhanh,7490000.0,8 GB,,Quad rear camera,,6.67 inch,Wide,,,,OTG,,01/2022,
Điện dung đa điểm,Single selfie camera,v5.0,Oppo,Cảm biến trọng lực,128 GB,5000 mAh,Ốp lưng,16 Triệu,90,Kính cường lực,Mặt lưng máy: Thủy tinh hữu cơ,Không,Mở khoá vân tay cạnh viền,Lithium polymer,LCD,2.4 GHz,MicroSD,,Không,187 g,12,720 x 1612 Pixels,,GPS,4G,Có,,HD+,,OPPO A77s 8GB-128GB,2,,Không giới hạn,ƒ/2.0,,Android,Audio Jack: Jack 3.5 mm,,2 Nano SIM,,8,1 TB,Standard,Quay phim HD,Trung Quốc,Adreno 610,Octa-Core,,Android 12,,163.4 x 75.03 x 7.99 mm,8.0 MP,Nhãn dán (AR Stickers),Không,Snapdragon 680,,Xem trong sách hướng dẫn sử dụng,Sạc siêu nhanh SuperVOOC,6290000.0,8 GB,"Để nơi khô ráo, nhẹ tay, dễ vỡ.",Double rear camera,,6.56 inch,Depth,802.11 a/b/g/n/ac,,,OTG,,03/2022,
Điện dung đa điểm,Single selfie camera,v5.0,Vivo,Cảm biến trọng lực,128 GB,5000 mAh,Miếng dán màn hình,,90,,Mặt lưng máy: Polymer,,Mở khoá vân tay cạnh viền,,Chính: LCD,2.4 GHz,MicroSD,,,192 g,12,720 x 1612 Pixels,,GPS,4G,,,HD+,,Vivo Y22s 8GB-128GB,2,,Tùy bộ nhớ,ƒ/2.0,,Android,Type C,,2 Nano SIM,,8,1 TB,Standard,720p@60fps,Trung Quốc,,,,Android 12,,164.30 x 76.10 x 8.38 mm,8.0 MP,Ban đêm (Night Mode),IPX4,Snapdragon 680,Mở rộng bộ nhớ RAM,Xem trong sách hướng dẫn sử dụng,,5990000.0,8 GB,"Để nơi khô ráo, nhẹ tay, dễ vỡ.",Double rear camera,,6.55 inch,Macro lens,Dual-band (2.4 GHz/ 5 GHz),,,OTG,,09/2022,20:9
Điện dung đa điểm,,v5.0,Vivo,Cảm biến trọng lực,128 GB,5000 mAh,Miếng dán màn hình,16.7 Triệu,90,,Vỏ thân máy: Polymer,,Mở khoá vân tay cạnh viền,Lithium-ion,Chính: LCD,2.4 GHz,MicroSD,1500:1,,188 g,12,2408 x 1080 Pixels,Macro lens,GPS,4G,Có,CMOS,FHD+,,Vivo Y35 8GB-128GB,2,4 x Cortex-A73 + 4 x Cortex-A53,,ƒ/2.0,90.6%,Android,Type C,550 nits,2 Nano SIM,401 ppi,8,1 TB,Standard,,Trung Quốc,Adreno 610,,,Android 12,,164.3 x 76.1 x 8.28 mm,16.0 MP,Ban đêm (Night Mode),IP54,Snapdragon 680,,Xem trong sách hướng dẫn sử dụng,,6990000.0,8 GB,"Để nơi khô ráo, nhẹ tay, dễ vỡ.",Triple rear camera,1.00 µm,6.58 inch,Bokeh,802.11 a/b/g/n/ac,Khoảng 113 GB,LPDDR4X,OTG,,10/2022,
Điện dung đa điểm,Single selfie camera,v5.1,Honor,,128 GB,4500 mAh,Thẻ bảo hành,16.7 Triệu,90 Hz,,Nhựa,,,Lithium polymer,IPS LCD,2 GHz,,,,179 g,12,1080 x 2376 Pixel,Macro lens,,2G,,,FHD+,,Honor X8A 8GB-128GB,2,2 x Cortex A75 2.0 GHz + 6 x Cortex A55 1.8 GHz,,ƒ/2.5,,Android,,,2 Nano SIM,393 ppi,8,,Wide,Quay phim FullHD,Trung Quốc,Mali-G52 MC2,Octa-Core,,Android 12,,162.9 x 74.5 x 7.48 mm,16.0 MP,Live Photo,,MediaTek Helio G88,,Xem trong sách hướng dẫn sử dụng,,4990000.0,8 GB,"Để nơi khô ráo, nhẹ tay, dễ vỡ.",Triple rear camera,,6.7 inch,Ultra Wide,802.11 a/b/g/n/ac,,,,,2023,19.5:9
Điện dung đa điểm,Single selfie camera,v5.3,Oppo,Cảm biến gia tốc,128 GB,5000 mAh,Ốp lưng,16 Triệu,60,Kính cường lực Panda,Mặt lưng máy: Thủy tinh hữu cơ,Không,Mở khoá vân tay cạnh viền,Lithium polymer,LCD,2.3 GHz,MicroSD,,Không,187 g,12,720 x 1612 Pixels,,GPS,4G,,,HD+,,OPPO A57 4GB-128GB,2,,Không giới hạn,ƒ/2.0,,Android,Audio Jack: Jack 3.5 mm,,2 Nano SIM,,8,1 TB,Wide,Quay phim HD,Trung Quốc,PowerVR GE8320,Octa-Core,,Android 12 (ColorOS 12.1),,163.7 x 75 x 7.99 mm,8.0 MP,Nhận diện khuôn mặt,IPX4,Helio G35,,Xem trong sách hướng dẫn sử dụng,Sạc pin nhanh,4990000.0,4 GB,"Để nơi khô ráo, nhẹ tay, dễ vỡ.",Double rear camera,,6.56 inch,Depth,802.11 a/b/g/n/ac,Khoảng 50 GB,,OTG,,6/2022,
Điện dung đa điểm,Single selfie camera,v5.0,Vivo,Cảm biến gia tốc,128 GB,5000 mAh,Miếng dán màn hình,16.7 Triệu,60,,Mặt lưng máy: Polymer,,Mở khoá vân tay cạnh viền,Lithium-ion,LCD,2.3 GHz,MicroSD,1500:1,,183 g,12,720 x 1600 Pixels,,A-GPS,4G,Có,CMOS,HD+,,Vivo Y16 4GB-128GB,2,,,ƒ/2.2,,Android,Type C,400 nits,2 Nano SIM,269 ​​ppi,8,1 TB,Standard,,Trung Quốc,PowerVR GE8320,,,Android 12,70% NTSC,163.95x75.55x8.19 mm,5.0 MP,Làm đẹp (Beautify),IP52,Helio P35,,Xem trong sách hướng dẫn sử dụng,,4490000.0,4 GB,"Để nơi khô ráo, nhẹ tay, dễ vỡ.",Double rear camera,1.12 µm,6.51 inch,Macro lens,Dual-band (2.4 GHz/ 5 GHz),Khoảng 113 GB,LPDDR4X,OTG,,09/2022,20:9
Điện dung đa điểm,Single selfie camera,v5.0,Vivo,Cảm biến trọng lực,64 GB,5000 mAh,Miếng dán màn hình,16 Triệu,90,,Vỏ thân máy: Polymer,Có,Mở khoá vân tay cạnh viền,Lithium polymer,Chính: LCD,2.4 GHz,MicroSD,,Có,182 g,12,2408 x 1080 Pixels,Macro lens,GPS,4G,Có,,FHD+,,Vivo T1x 4GB-64GB,2,,Không giới hạn,ƒ/1.8,90.6%,Android,1 Type C,,2 Nano SIM,,8,1 TB,Standard,,Trung Quốc,Mali-G68 MC4,Octa-Core,,Android 11,,164.26 x 76.08 x 8.00 mm,8.0 MP,Quay video hiển thị kép,,Snapdragon 680,,Xem trong sách hướng dẫn sử dụng,Sạc pin nhanh,4490000.0,4 GB,"Để nơi khô ráo, nhẹ tay, dễ vỡ.",Triple rear camera,,6.58 inch,Bokeh,Dual-band (2.4 GHz/ 5 GHz),,,OTG,,07/2022,
Điện dung đa điểm,Single selfie camera,v5.2,Realme,Cảm biến vân tay,128 GB,5000 mAh,Ốp lưng,,,,Nhựa,,Mở khoá vân tay cạnh viền,Lithium polymer,Chính: LCD,2 GHz,MicroSD,,,189.5 g,12,1080 x 2400 Pixels,,GPS,4G,,,FHD+,,realme C55 6GB-128GB,2,,,,86%,Android,Type C,,2 Nano SIM,,8,,Wide,720p@60fps,Trung Quốc,,,,Android 13.0,,165.65 x 75.98 x 7.89 mm,8.0 MP,HDR,Không,MediaTek Helio G88,,Xem trong sách hướng dẫn sử dụng,,4990000.0,6 GB,"Để nơi khô ráo, nhẹ tay, dễ vỡ.",Double rear camera,,6.7 inch,Depth,Dual-band (2.4 GHz/ 5 GHz),,,OTG,,03/2023,20:9
Điện dung đa điểm,Single selfie camera,v5.0,Oppo,Cảm biến gia tốc,64 GB,5000 mAh,Ốp lưng,16 Triệu,60,Dinorex Glass,Mặt lưng máy: Nhựa,Không,Mở khoá vân tay cạnh viền,Lithium polymer,IPS LCD,2.3 GHz,MicroSD,,Không,193 g,12,720 x 1600 Pixels,Depth,BDS,4G,,,HD+,,OPPO A55 4GB-64GB,2,,Không giới hạn,ƒ/2.0,,Android,Audio Jack: Jack 3.5 mm,,2 Nano SIM,,8,256 GB,Wide,Quay phim HD,Trung Quốc,PowerVR GE8320,Octa-Core,,Android 11,,163.6 x 75.7 x  8.4 mm,16.0 MP,Chuyên nghiệp (Pro),IPX4,Helio G35,Ứng dụng kép (Nhân bản ứng dụng),Xem trong sách hướng dẫn sử dụng,Sạc pin nhanh,3990000.0,4 GB,"Để nơi khô ráo, nhẹ tay, dễ vỡ.",Triple rear camera,,6.5 inch,Macro lens,802.11 a/b/g/n/ac,Khoảng 50 GB,,OTG,,03/2022,
Điện dung đa điểm,Single selfie camera,v5.0,Samsung,,64 GB,5000 mAh,Sạc,16 Triệu,90,Mặt kính cong 2.5D,,Không,Mở khóa bằng mật mã,Lithium polymer,PLS LCD,1.6 GHz,MicroSD,,Không,195 g,12,720 x 1600 Pixels,Portrait,A-GPS,3G,Có,,HD+,,Samsung Galaxy A04s,2,,Tùy bộ nhớ,ƒ/2.2,,Android,Audio Jack: Jack 3.5 mm,400 nits,2 Nano SIM,,8,1 TB,Wide,,Việt Nam / Trung Quốc,,Octa-Core,,Android 12,,164.2 x 75.9 x 9.1 mm,5.0 MP,Làm đẹp (Beautify),Không,Exynos 850,,Xem trong sách hướng dẫn sử dụng,,3990000.0,4 GB,"Để nơi khô ráo, nhẹ tay, dễ vỡ.",Triple rear camera,,6.5 inch,Macro lens,802.11 a/b/g/n/ac,,,OTG,,2022,
Điện dung đa điểm,Single selfie camera,v5.0,Samsung,,32 GB,5000 mAh,Sạc,16 Triệu,60,,,Không,Mở khóa bằng mật mã,Lithium polymer,,1.6 GHz,MicroSD,,Không,192 g,12,720 x 1600 Pixels,Portrait,A-GPS,3G,Có,,HD+,,Samsung Galaxy A04,2,,Tùy bộ nhớ,ƒ/2.2,,Android,Audio Jack: Jack 3.5 mm,400 nits,2 Nano SIM,,8,1 TB,Wide,,Việt Nam / Trung Quốc,,Octa-Core,,Android 12,,164.2 x 75.9 x 9.1 mm,5.0 MP,Làm đẹp (Beautify),Không,Helio P35,,Xem trong sách hướng dẫn sử dụng,,2990000.0,3 GB,"Để nơi khô ráo, nhẹ tay, dễ vỡ.",Triple rear camera,,6.5 inch,Macro lens,802.11 a/b/g/n/ac,,,OTG,,2022,
Điện dung đa điểm,Single selfie camera,v5.0,Vivo,Cảm biến trọng lực,32 GB,5000 mAh,Ốp lưng,16 Triệu,60,Kính cường lực,Polymer,Có,Mở khóa bằng mật mã,Lithium polymer,IPS LCD,2.3 GHz,MicroSD,,,179 g,12,720 x 1600 Pixels,,BDS,4G,Có,,HD+,,Vivo Y15s 3GB - 32GB,2,,Không giới hạn,ƒ/2.0,89%,Android,Audio Jack: Jack 3.5 mm,,2 Nano SIM,,8,1 TB,Standard,Quay phim Slow Motion,Trung Quốc,PowerVR GE8320,Octa-Core,,Android 11,,163.9 x 75.2 x 8.28 mm,8.0 MP,Nhãn dán (AR Stickers),Không,Helio P35,,,Sạc ngược cho thiết bị khác,3490000.0,3 GB,,Double rear camera,,6.51 inch,Macro lens,Dual-band (2.4 GHz/ 5 GHz),Khoảng 22 GB,,Computer sync,,10/2021,20:9
Điện dung đa điểm,Single selfie camera,v5.0,Xiaomi,Cảm biến gia tốc,64 GB,50000 mAh,Sạc,16 Triệu,,Gorilla Glass 3,Mặt lưng máy: Nhựa,Không,Mở khóa vân tay,Lithium-ion,IPS LCD,2 GHz,MicroSD,1500:1,,194 g,18,720 x 1600 Pixels,,BDS,4G,Có,,HD+,,Xiaomi Redmi 10A 3GB-64GB,2,8 x Cortex A53 2.0 GHz,Không giới hạn,ƒ/2.2,81%,Android,Micro-USB,400 nits,2 Nano SIM,268 ppi,8,1 TB,Standard,Quay phim HD,Trung Quốc,PowerVR GE8320,Octa-Core,,Android 11,,164.9 x 77.1 x 9.0 mm,5.0 MP,Nhận diện khuôn mặt,,Helio G25,,Xem trong sách hướng dẫn sử dụng,Sạc pin nhanh,3290000.0,3 GB,"Để nơi khô ráo, nhẹ tay, dễ vỡ.",Double rear camera,,6.53 inch,Depth,802.11 a/b/g/n,,,Jack 3.5 mm,,07/2022,20:9
,,v5.0,Nokia,,128 MB,1450 mAh,Tai nghe,,,,Mặt lưng máy: Nhựa,,,Lithium-ion,TFT LCD,,MicroSD,,,129.1 g,12,320 x 240 Pixels,,,2G,,,QVGA,,Nokia 5710 XpressAudio,2,1.0 GHz Cortex-A7,2000,,,S30+,Micro-USB,,2 Nano SIM,,,32 GB,Standard,,Trung Quốc,,,,Nokia S30+,,138.9 x 57.7 x 16.2 mm,0.3 MP,Flash LED,,Unisoc T107,,Xem trong sách hướng dẫn sử dụng,Pin có thể tháo rời,1790000.0,48 MB,"Để nơi khô ráo, nhẹ tay, dễ vỡ.",Single rear camera,,2.4 inch,,,,,Radio FM,,10/2022,
,Double selfie camera,v5.3,Oppo,Cảm biến gia tốc,512 GB,4805 mAh,Ốp lưng,1 Tỷ,120,Kính Schott UTG,Mặt lưng máy: kính cường lực Gorilla Glass 5 (màu vàng),,Mở khóa vân tay dưới màn hình,Lithium polymer,2K+,3.2 GHz,Không,,,245 g,12,2268 x 2440 pixels,Ultra Wide,GPS,5G,,,2K+,,OPPO Find N3 5G 16GB-512GB,2,,Không giới hạn,ƒ/2.4,,Android,Cổng sạc: Type C,2800 nit,2 Nano SIM,426 ppi,8,,Wide,Quay phim HD,Trung Quốc,Adreno 740,,,Android 13.0,,153.4 x 143.1 x 5.9 mm,32 MP,Bộ lọc màu,IPX4,Qualcomm Snapdragon 8 Gen 2,,Xem trong sách hướng dẫn sử dụng,,44990000.0,16 GB,"Để nơi khô ráo, nhẹ tay, dễ vỡ.",Triple rear camera,,7.82 inch,Telephoto,802.11 a/b/g/n/ac/ac wave 2/ax,,,OTG,6.5 inch,10/2023,
Điện dung đa điểm,Single selfie camera,v5.3,Samsung,Cảm biến gia tốc,256 GB,4400 mAh,Sách HDSD,16 Triệu,120,,Khung máy: Nhôm nguyên khối,,Mở khoá vân tay cạnh viền,Lithium polymer,Chính: Dynamic AMOLED 2X,,Không,,,253 g,12,2176 x 1812 pixels,Zoom,GPS,4G,,,QXGA,,Samsung Galaxy Z Fold5 5G,2,1 x 3.36 GHz + 4 x 2.8 GHz + 3 x 2 GHz,Không giới hạn,ƒ/2.2,,Android,Cổng sạc: Type C,1750 nits,"2 Nano SIM hoặc 1 eSIM, 1 Nano SIM",,8,,Wide,Quay phim FullHD,Việt Nam / Trung Quốc,Adreno 740,Octa-Core,,Android 13.0,,154.9 x 129.9 x 6.1 mm,4.0 MP,Nhãn dán (AR Stickers),IPX8,Snapdragon 8 Gen 2,Chặn cuộc gọi,Xem trong sách hướng dẫn sử dụng,Sạc ngược cho thiết bị khác,40990000.0,12 GB,"Để nơi khô ráo, nhẹ tay, dễ vỡ.",Double rear camera,,7.6 inch,Macro lens,802.11 a/b/g/n,,,,6.2 inch,07/2023,21:9
Điện dung đa điểm,Single selfie camera,v5.3,Apple,Cảm biến khí áp kế,128 GB,23 Giờ,Cáp USB-C to USB-C,,,Phủ Ceramic,Khung máy: Titanium,,Mở khóa bằng mật mã,Lithium-ion,OLED,,,2.000.000:1,,187 g,12,2556 x 1179 Pixels,Telephoto,GPS,5G,,,Super Retina XDR,,iPhone 15 Pro 128GB,1,,,,,iOS,Cổng sạc: Type C,2000 nits,"1 eSIM, 1 Nano SIM",,6,,Standard,Quay phim FullHD,Trung Quốc,,6 - Core,,iOS 17,,146.6 x 70.6 x 8.25 mm,12.0 MP,Live Photo,IP68,Apple A17 Pro,,,Sạc ngược cho thiết bị khác,28990000.0,8 GB,,Triple rear camera,,6.1 inch,Ultra Wide,Wifi 6,,,NFC,,09/2023,
Điện dung đa điểm,Single selfie camera,v5.3,Apple,Cảm biến khí áp kế,128 GB,26 Giờ,Cáp USB-C to USB-C,,,Phủ Ceramic,Khung máy: Nhôm nguyên khối,,Mở khóa bằng mật mã,Lithium-ion,OLED,,Không,2.000.000:1,,201 g,12,2796 x 1290 Pixels,,GPS,5G,,,Super Retina XDR,,iPhone 15 Plus,1,,Không giới hạn,,,iOS,Cổng sạc: Type C,2000 nits,"1 eSIM, 1 Nano SIM",,,,Standard,Quay phim FullHD,Trung Quốc,Apple GPU 5 nhân,6 - Core,,iOS 17,,160.9 x 77.8 x 7.80 mm,12.0 MP,Live Photo,IP68,Apple A16 Bionic,,,Sạc ngược cho thiết bị khác,25990000.0,6 GB,,Double rear camera,,6.7 inch,Ultra Wide,Wifi 6,,,NFC,,09/2023,
Điện dung đa điểm,Single selfie camera,v5.3,Apple,Cảm biến tiệm cận,128 GB,3200 mAh,Cáp,,120,Kính cường lực,,Có,Mở khóa bằng mật mã,Lithium-ion,OLED,3.46 GHz,Không,,,206 g,12,2556 x 1179 Pixels,Telephoto,GPS,5G,Có,,Super Retina XDR,,iPhone 14 Pro 128GB,1,,Không giới hạn,,,iOS,1 Lightning,2000 nits,"1 eSIM, 1 Nano SIM",,6,,Standard,Quay phim Slow Motion,Trung Quốc,Apple GPU 5 nhân,Hexa-Core,,iOS 16,,147.5 x 71.5 x 7.85 mm,12.0 MP,Xoá phông,IP68,Apple A16 Bionic,,Xem trong sách hướng dẫn sử dụng,Tiết kiệm pin,27990000.0,6 GB,"Để nơi khô ráo, nhẹ tay, dễ vỡ.",Triple rear camera,,6.1 inch,Ultra Wide,Wi-Fi Hotspot,Khoảng 113 GB,,NFC,,09/2022,
,Single selfie camera,v5.3,Oppo,Cảm biến gia tốc,256 GB,4300 mAh,Ốp lưng,1 Tỷ,120,Kính Schott UTG,Mặt lưng máy: Kính cường lực Gorilla Glass 7,,Mở khóa vân tay dưới màn hình,Lithium polymer,FHD+,3.05 GHz,,,,198 g,12,1080 x 2520 pixels,Telephoto,GPS,5G,,,AMOLED,,OPPO Find N3 Flip 5G 12GB-256GB,2,,Không giới hạn,ƒ/2.4,,Android,Cổng sạc: Type C,1600 nit,2 Nano SIM,,8,,Standard,Quay phim HD,Trung Quốc,ARM Immortalis-G715 MC11 @981MHz,,,Android 13.0,,166.4 x 75.8 x 7.8 mm,32.0 MP,,IPX4,Mediatek Dimensity 9200 5G,,Xem trong sách hướng dẫn sử dụng,,22990000.0,12 GB,"Để nơi khô ráo, nhẹ tay, dễ vỡ.",Triple rear camera,,6.8 inch,Ultra Wide,Wi-Fi Hotspot,,,OTG,3.26 inch,10/2023,
Điện dung đa điểm,Single selfie camera,v5.3,Apple,Cảm biến khí áp kế,128 GB,20 Giờ,Cáp USB-C to USB-C,,,Phủ Ceramic,Khung máy: Nhôm nguyên khối,,Mở khóa bằng mật mã,Lithium-ion,OLED,,Không,2.000.000:1,,171 g,12,2556 x 1179 Pixels,,QZSS,5G,,,Super Retina XDR,,iPhone 15,1,,Không giới hạn,,,iOS,Cổng sạc: Type C,2000 nits,"1 eSIM, 1 Nano SIM",,6,,Standard,Quay phim Slow Motion,Trung Quốc,Apple GPU 5 nhân,6 - Core,,iOS 17,,147.6 x 71.6 x 7.8 mm,12.0 MP,Ổn định hình ảnh quang học,IP68,Apple A16 Bionic,,,Sạc ngược cho thiết bị khác,22990000.0,6 GB,,Double rear camera,,6.1 inch,Ultra Wide,Wifi 6,,,,,09/2023,
Điện dung đa điểm,Single selfie camera,v5.3,Apple,Cảm biến tiệm cận,128 GB,4325 mAh,Cáp,,60,,,Có,Mở khóa bằng mật mã,Lithium-ion,AMOLED,3.22 GHz,Không,,,203 g,12,2778 x 1284 Pixels,,GLONASS,5G,,,Super Retina XDR,,iPhone 14 Plus 128GB,1,,,,,iOS,1 Lightning,2000 nits,"1 eSIM, 1 Nano SIM",,6,,Wide,4K 4230p@60fps,Trung Quốc,Apple GPU 5 nhân,,,iOS 16,,160.8 x 78.1 x 7.8 mm,12.0 MP,,IP68,Apple A15 Bionic,,Xem trong sách hướng dẫn sử dụng,,24990000.0,6 GB,"Để nơi khô ráo, nhẹ tay, dễ vỡ.",Double rear camera,,6.7 inch,Ultra Wide,802.11 a/b/g/n/ac/ax,,,,,09/2022,
Điện dung đa điểm,Single selfie camera,v5.3,Samsung,Cảm biến trọng lực,256 GB,4700 mAh,Cáp,16 Triệu,120,Mặt kính cong 2.5D,,Không,Mở khóa vân tay dưới màn hình,Lithium polymer,Dynamic AMOLED 2X,2.2 GHz,Không,,,196 g,12,1080 x 2340 Pixels,Telephoto,BDS,4G,Không,,FHD+,,Samsung Galaxy S23 Plus 5G 256GB,1,,Không giới hạn,ƒ/2.2,,Android,Cổng sạc: Type C,,"2 Nano SIM hoặc 1 eSIM, 1 Nano SIM",,8,,Standard,Quay phim FullHD,Việt Nam / Trung Quốc,,Octa-Core,,Android 13.0,,161.4 x 75.6 x 7.8 mm,12.0 MP,Nhãn dán (AR Stickers),,Snapdragon 8 Gen 2,,Xem trong sách hướng dẫn sử dụng,Sạc ngược cho thiết bị khác,26990000.0,8 GB,"Để nơi khô ráo, nhẹ tay, dễ vỡ.",Triple rear camera,,6.6 inch,Portrait,Wi-Fi Hotspot,,,Computer sync,,02/2023,
Điện dung đa điểm,Single selfie camera,v5.3,Samsung,Cảm biến ánh sáng,256 GB,3900 mAh,Cáp,16 Triệu,120,Gorilla Glass Victus,Khung máy: Hợp kim nhôm,Không,Mở khóa vân tay dưới màn hình,Lithium-ion,Dynamic AMOLED 2X,2.2 GHz,Không,,Không,168 g,12,1080 x 2340 Pixels,Telephoto,A-GPS,4G,Có,,FHD+,,Samsung Galaxy S23 5G 256GB,1,,Không giới hạn,ƒ/2.2,,Android,Cổng sạc: Type C,1200 nits,"2 Nano SIM hoặc 1 eSIM, 1 Nano SIM",,8,,Standard,Quay phim FullHD,Việt Nam / Trung Quốc,Adreno 730,Octa-Core,,Android 13.0,,"146,3 x 70,9 x 7,6 mm",12.0 MP,HDR,IP68,Snapdragon 8 Gen 2,,Xem trong sách hướng dẫn sử dụng,Sạc pin nhanh,24990000.0,8 GB,"Để nơi khô ráo, nhẹ tay, dễ vỡ.",Triple rear camera,,6.1 inch,Ultra Wide,802.11 a/b/g/n/ac/ax,Khoảng 100 GB,,NFC,,02/2023,
Điện dung đa điểm,Single selfie camera,,Apple,Cảm biến tiệm cận,128 GB,3279 mAh,Cáp,,60,,,Có,Mở khóa bằng mật mã,Lithium-ion,OLED,3.22 GHz,Không,,,172 g,12,2532 x 1170 Pixels,,GPS,5G,,,Super Retina XDR,,iPhone 14 128GB,1,,,,,iOS,1 Lightning,2000 nits,"1 eSIM, 1 Nano SIM",,6,,Wide,4K 4230p@60fps,Trung Quốc,Apple GPU 5 nhân,,,iOS 16,,146.7 x 71.5 x 7.8 mm,12.0 MP,,IP68,Apple A15 Bionic,,Xem trong sách hướng dẫn sử dụng,,21990000.0,6 GB,"Để nơi khô ráo, nhẹ tay, dễ vỡ.",Double rear camera,,6.1 inch,Ultra Wide,,,,,,09/2022,
Điện dung đa điểm,Single selfie camera,v5.3,Oppo,Cảm biến trọng lực,256 GB,4300 mAh,Dock sạc,16 Triệu,120,Màn hình phụ: Gorilla Glass 5,Khung máy: Hợp kim,,Mở khoá vân tay cạnh viền,Lithium polymer,AMOLED,3.2 GHz,Không,,Có,191 g,12,2520 x 1080 Pixels,,A-GPS,3G,Có,,FHD+,,OPPO Find N2 Flip,2,,Không giới hạn,ƒ/2.4,,Android,Cổng sạc: Type C,,2 Nano SIM,,8,,Standard,Quay phim HD,Trung Quốc,Mali-G710 MC10,,,Android 13.0 (ColorOS 13),,166.2 x 75.2 x 7.45 mm,32.0 MP,Nhãn dán (AR Stickers),IPX4,MediaTek Dimensity 9000+ 5G,,Xem trong sách hướng dẫn sử dụng,Hỗ trợ sạc nhanh 44W,19990000.0,8 GB,"Để nơi khô ráo, nhẹ tay, dễ vỡ.",Double rear camera,,6.8 inch,Ultra Wide,802.11 a/b/g/n/ac/ax,,,OTG,3.26 inch,03/2023,
Điện dung đa điểm,Single selfie camera,v5.0,Apple,,128 GB,3225 mAh,Cáp,16 Triệu,60,Phủ Ceramic,Mặt lưng máy: Kính,,Mở khóa bằng mật mã,Lithium-ion,OLED,3.22 GHz,Không,,,164 g,12,2532 x 1170 Pixels,,A-GPS,4G,,,Super Retina XDR,,iPhone 13 128GB,1,,Tùy bộ nhớ,ƒ/2.2,,iOS,Cổng sạc: Lightning,,"1 eSIM, 1 Nano SIM",,6,,Standard,Quay phim HD,Trung Quốc,Apple GPU 5 nhân,,,iOS 15,,71.5 x 7.4 x 146.7 mm,12.0 MP,Nhận diện khuôn mặt,,Apple A15 Bionic,,Xem trong sách hướng dẫn sử dụng,Hỗ trợ sạc không dây,18990000.0,4 GB,"Để nơi khô ráo, nhẹ tay, dễ vỡ.",Double rear camera,,6.1 inch,Ultra Wide,802.11 ax,,,,,2022,19.5:9
Điện dung đa điểm,Single selfie camera,v5.2,Samsung,Cảm biến ánh sáng,256 GB,3700 mAh,Cáp,16 Triệu,120,,Mặt lưng máy: Kính cường lực,,Mở khoá vân tay cạnh viền,Lithium polymer,Dynamic AMOLED 2X,,Không,,,183 g,12,1080 x 2636 Pixels,,A-GPS,4G,Có,,FHD+,,Samsung Galaxy Z Flip4 5G 256GB Bespoke Edition,2,,Không giới hạn,ƒ/2.4,82%,Android,Cổng sạc: Type C,1200 nits,"1 eSIM, 1 Nano SIM",,8,,Wide,Quay phim Slow Motion,Việt Nam,,Octa-Core,,Android 12,,165.2 x 71.9 x 6.9 mm,10.0 MP,Live Photo,IPX8,Snapdragon 8+ Gen 1,Trợ lý ảo Samsung Bixby,Xem trong sách hướng dẫn sử dụng,Sạc ngược cho thiết bị khác,25990000.0,8 GB,"Để nơi khô ráo, nhẹ tay, dễ vỡ.",Double rear camera,,6.7 inch,Ultra Wide,802.11 a/b/g/n/ac/ax,,LPDDR5,Computer sync,1.9 inch,04/2023,21:9
,Single selfie camera,v5.3,Xiaomi,Cảm biến Quang phổ màu,256 GB,5000 mAh,Ốp lưng,,144,Gorilla Glass 5,Mặt lưng máy: Kính,,Mở khóa vân tay dưới màn hình,,OLED,3.1 GHz,Không,,,197 g,24,2712 x 1220 Pixels,Ultra Wide,NavIC,4G,,,FHD+,,Xiaomi 13T 12GB-256GB,2,,Không giới hạn,f/1.9,,Android,Cổng sạc: Type C,,2 Nano SIM,,8,,Standard,,Trung Quốc,Mali-G610 MC6,,,Android 13.0,,162.2 x 75.7 x 8.49 mm,20.0 MP,,IP68,Dimensity 8200 Ultra,,,,12990000.0,12 GB,,Triple rear camera,,6.7 inch,Telephoto,802.11 a/b/g/n/ac/ax,Khoảng 230 GB,,,,09/2023,20:9
Điện dung đa điểm,,v5.2,Realme,,256 GB,5000 mAh,Miếng dán màn hình,1.07 tỷ,120,Kính cường lực AGC DT-Star2,Mặt lưng máy: Da,,Mở khóa vân tay,Lithium polymer,OLED,2.60 GHz,,,,191 g,12,1080 x 2412 Pixels,,GPS,3G,,,FHD+,,realme 11 Pro 5G 8GB-256GB,,,Tùy bộ nhớ,,,Android,,,2 Nano SIM,,8,,,,Trung Quốc,Mali-G68,Octa-Core,,Android 13.0,,161.6 x 73.9 x 8.7 mm,16.0 MP,Bộ lọc màu,,MediaTek Dimensity 7050 5G,Ghi âm cuộc gọi,Xem trong sách hướng dẫn sử dụng,Sạc siêu nhanh SuperVOOC,11990000.0,8 GB,"Để nơi khô ráo, nhẹ tay, dễ vỡ.",,,6.7 inch,,802.11 a/b/g/n/ac/ax,,,OTG,,07.2023,
Điện dung đa điểm,Single selfie camera,v5.2,Vivo,Cảm biến trọng lực,128 GB,4830 mAh,Tai nghe,16.7 Triệu,120,Schott Xensation UP,Mặt kính: Schott Xensation UP,,Mở khóa vân tay dưới màn hình,Lithium-ion,Chính: AMOLED,3 GHz,,,,190 g,12,1080 x 2376 Pixel,Macro lens,GPS,5G,Có,CMOS,FHD+,,Vivo V25 Pro 5G 8GB-128GB,2,1 x Cortex A78 3.0 GHz + 3 x Cortex A78 2.6 GHz + 4 x Cortex A55 2.0 GHz,,ƒ/2.45,92.70%,Android,Type C,1300 nits,2 Nano SIM,,8,,Standard,,Trung Quốc,,8 - Core,,Android 12,103% NTSC,158.9x73.52x8.62 mm,32.0 MP,Live Photo,IP54,MediaTek Dimensity 1300 5G,,Xem trong sách hướng dẫn sử dụng,,13990000.0,8 GB,"Để nơi khô ráo, nhẹ tay, dễ vỡ.",Triple rear camera,0.80 µm,6.56 inch,Wide,Dual-band (2.4 GHz/ 5 GHz),Khoảng 113 GB,LPDDR4X,OTG,,11/2022,
,Single selfie camera,v5.2,Samsung,Cảm biến vân tay,256 GB,5000 mAh,Cáp,,,,,,,,Super AMOLED,2.4 GHz,,,,202 g,12,1080 x 2400 Pixels,Macro lens,GPS,4G,,,FHD+,,Samsung Galaxy A54 5G 256GB,2,,,ƒ/2.2,,Android,Type C,1000 nits,2 Nano SIM,,8,,Wide,,Việt Nam / Trung Quốc,,,,Android 12,,158.2 x 76.7 x 8.2 mm,32.0 MP,Chống rung quang học (OIS),IP67,Exynos 1380,,Xem trong sách hướng dẫn sử dụng,,11490000.0,8 GB,"Để nơi khô ráo, nhẹ tay, dễ vỡ.",Triple rear camera,,6.4 inch,Ultra Wide,802.11 a/b/g,,,,,3/2023,
Điện dung đa điểm,Single selfie camera,v5.1,Honor,Cảm biến gia tốc,256 GB,5100 mAh,Thẻ bảo hành,1 Tỷ,120 Hz,,Nhựa,,,Lithium polymer,AMOLED,,,,,175 g,12,1080 x 2400 Pixels,Macro lens,BDS,3G,,,FHD+,,Honor X9A 5G 8GB-256GB,2,2 x Cortex A75 2.0 GHz + 6 x Cortex A55 1.8 GHz,,ƒ/2.5,89%,Android,,,2 Nano SIM,395 ppi,8,,Wide,1080p@30fps,Trung Quốc,Adreno 619,Octa-Core,,Android 12,,161.6 x 73.9 x 7.9 mm,16.0 MP,Chụp bằng cử chỉ,,Snapdragon 695 5G,,Xem trong sách hướng dẫn sử dụng,,7990000.0,8 GB,"Để nơi khô ráo, nhẹ tay, dễ vỡ.",Triple rear camera,,6.67 inch,Ultra Wide,802.11 a/b/g/n/ac,,,OTG,,01/2023,20:9
,,Có,Samsung,,128 GB,6000 mAh,,,120,,Nhựa Polycarbonate,,,,Super AMOLED,,MicroSD,,,208 g,12,1080 x 2400 Pixels,Zoom,GLONASS,5G,,,FHD+,,Samsung Galaxy M34 5G 128GB,2,,,ƒ/2.2,,Android,Type C,1000 nits,2 Nano SIM,,8,1 TB,Wide,,Việt Nam / Trung Quốc,,,,Android 13.0,,161.7 x 77.2 x 8.8 mm,13.0 MP,,,Exynos 1280,,Xem trong sách hướng dẫn sử dụng,,7990000.0,8 GB,"Để nơi khô ráo, nhẹ tay, dễ vỡ.",Triple rear camera,,6.5 inch,Ultra Wide,802.11 a/b/g,,,,,09/2023,
Điện dung đa điểm,Single selfie camera,v5.2,Vivo,Cảm biến trọng lực,128 GB,4500 mAh,Tai nghe,16 Triệu,90,Schott Xensation UP,,,,Lithium-ion,AMOLED,2.4 GHz,MicroSD,,,186 g,12,1080 x 2040 Pixel,Macro lens,GPS,5G,Có,CMOS,FHD+,,Vivo V25 5G 8GB-128GB,2,,,ƒ/2.0,91%,Android,,1300 nits,2 Nano SIM,409 ppi,8,,Standard,,Trung Quốc,Mali-G68 MC4,8 - Core,,Android 12,,159.20 x 74.20 x 7.79 mm,50.0 MP,Nhãn dán (AR Stickers),IP54,MediaTek Dimensity 900,,Xem trong sách hướng dẫn sử dụng,,10490000.0,8 GB,"Để nơi khô ráo, nhẹ tay, dễ vỡ.",Triple rear camera,1.75 µm,6.44 inch,Wide,802.11 a/b/g/n/ac,Khoảng 113 GB,LPDDR4X,OTG,,10/2022,20:9
,,v5.2,Realme,,128 GB,5000 mAh,Ốp lưng,16.7 Triệu,90,Gorilla Glass 5,Mặt lưng máy: Thủy tinh,,Mở khoá vân tay cạnh viền,Lithium polymer,Super AMOLED,,,,,178 g,12,1080 x 2400 Pixels,,GPS,3G,,,FHD+,,realme 11 4G 8GB-128GB,,2 x Cortex-A76 2.20 GHz + 6 x Cortex-A55 2.00 GHz,,,,Android,,,2 Nano SIM,,8,,,,Trung Quốc,Mali-G57 MC2,Octa-Core,,Android 13.0,,159.9 x 73.3 x 7.95 mm,16.0 MP,Bộ lọc màu,,MediaTek Helio G99,,Xem trong sách hướng dẫn sử dụng,Sạc siêu nhanh SuperVOOC,7390000.0,,"Để nơi khô ráo, nhẹ tay, dễ vỡ.",,,6.4 inch,,Wifi 5,,,Jack 3.5 mm,,07.2023,
Điện dung đa điểm,Single selfie camera,v5.2,Vivo,,128 GB,4500 mAh,Tai nghe,16 Triệu,,Schott Xensation UP,Mặt lưng máy: Kính,,,Lithium-ion,AMOLED,2.2 GHz,MicroSD,,,183 g,12,1080 x 2040 Pixel,Macro lens,GPS,4G,Có,CMOS,FHD+,,Vivo V25e 8GB - 128GB,2,2 x Cortex-A76 2.20 GHz + 6 x Cortex-A55 2.00 GHz,Không giới hạn,ƒ/2.0,91%,Android,Cổng sạc: Type C,1000 nits,2 Nano SIM,409 ppi,8,1 TB,Standard,,Trung Quốc,Mali-G57,8 - Core,,Android 12,103% NTSC,159.20 x 74.20 x  7.79 mm,32.0 MP,Nhãn dán (AR Stickers),IP54,MediaTek Helio G99,,Xem trong sách hướng dẫn sử dụng,,8490000.0,8 GB,"Để nơi khô ráo, nhẹ tay, dễ vỡ.",Triple rear camera,0.80 µm,6.44 inch,Bokeh,802.11 a/b/g/n/ac,Khoảng 113 GB,LPDDR4X,OTG,,10/2022,20:9
,Single selfie camera,v5.1,Xiaomi,,256 GB,5000 mAh,Ốp lưng,,90,Gorilla Glass 3,Mặt kính: Kính Gorilla Glass 3,,Mở khoá vân tay cạnh viền,,AMOLED,2.05 GHz,MicroSD,,Có,176 g,18,1080 x 2400 Pixels,Macro lens,,4G,,,FHD+,,Xiaomi Redmi Note 12S 8GB-256GB,2,,Không giới hạn,ƒ/2.45,,Android,,1000 nits,2 Nano SIM,,8,1 TB,Standard,,Trung Quốc,Mali-G57 MC2,,,Android 13.0,,159.87 x 73.87 x 8.09 mm,16.0 MP,,IP53,MediaTek Helio G96,,Xem trong sách hướng dẫn sử dụng,Sạc pin nhanh,6690000.0,8 GB,"Để nơi khô ráo, nhẹ tay, dễ vỡ.",Triple rear camera,0.70 µm,6.43 inch,Ultra Wide,,Khoảng 223 GB,LPDDR4X,NFC,,2023,
Điện dung đa điểm,Single selfie camera,v5.0,Xiaomi,Con quay hồi chuyển,128 GB,5000 mAh,Ốp lưng,,90,Gorilla Glass 3,Mặt lưng máy: Nhựa,,Mở khóa bằng mật mã,Lithium polymer,AMOLED,2.05 GHz,MicroSD,,,179 g,18,1080 x 2400 Pixels,Depth,GPS,4G,Có,,FHD+,,Xiaomi Redmi Note 11S 8GB - 128GB,2,,Không giới hạn,ƒ/2.4,,Android,Audio Jack: Jack 3.5 mm,,2 Nano SIM,,8,512 GB,Standard,Quay phim HD,Trung Quốc,Mali-G57 MC2,Octa-Core,Macro lens,Android 11,,159.9 x 73.9 x 8.1 mm,16.0 MP,Nhận diện khuôn mặt,,MediaTek Helio G96,,Xem trong sách hướng dẫn sử dụng,Sạc pin nhanh,6690000.0,8 GB,"Để nơi khô ráo, nhẹ tay, dễ vỡ.",Quad rear camera,,6.43 inch,Ultra Wide,Dual-band (2.4 GHz/ 5 GHz),,,Bluetooth,,01/2022,
Điện dung đa điểm,Single selfie camera,v5.3,Oppo,Cảm biến gia tốc,64 GB,5000 mAh,Cáp Micro-USB,16 Triệu,60,Kính cường lực Panda,Khung máy: Nhựa,Không,Mở khoá vân tay cạnh viền,Lithium polymer,LCD,2.3 GHz,MicroSD,,Không,187 g,12,720 x 1612 Pixels,,A-GPS,4G,,,HD+,,OPPO A17 4GB-64GB,2,,Không giới hạn,ƒ/2.2,,Android,Audio Jack: Jack 3.5 mm,,2 Nano SIM,,8,1 TB,Standard,Quay phim HD,Trung Quốc,PowerVR GE8320,Octa-Core,,Android 12 (ColorOS 12.1),,163.7 x 75 x 7.99 mm,5.0 MP,Nhận diện khuôn mặt,IPX4,Helio G35,,Xem trong sách hướng dẫn sử dụng,,3990000.0,4 GB,"Để nơi khô ráo, nhẹ tay, dễ vỡ.",Double rear camera,,6.56 inch,,802.11 a/b/g/n/ac,,,OTG,,10/2022,
Điện dung đa điểm,Single selfie camera,v5.2,Nokia,Cảm biến gia tốc,128 GB,5050 mAh,Tai nghe,16 Triệu,,Kính cường lực,Kính,,Mở khoá vân tay cạnh viền,Lithium polymer,LCD,1.60 GHz,MicroSD,,,198.4 g,12,720 x 1600 Pixels,,GPS,4G,,,HD+,,Nokia C32,2,,,,,Android,Type C,,2 Nano SIM,,8,256 GB,Standard,Quay phim FullHD,Trung Quốc,,,,Android 13.0,,,8.0 MP,Chụp chân dung,IP52,Unisoc SC9863A1,,Xem trong sách hướng dẫn sử dụng,,3290000.0,4 GB,"Để nơi khô ráo, nhẹ tay, dễ vỡ.",Double rear camera,,6.5 inch,Macro lens,802.11 b/g/n,,,Jack 3.5 mm,,2023,
,Single selfie camera,v5.1,Realme,Cảm biến trọng lực,64 GB,5000 mAh,Ốp lưng,16.7 Triệu,90,,Nhựa,,,Lithium polymer,IPS LCD,1.8 GHz,Không,,,186 g,12,720 x 1600 Pixels,,A-GPS,3G,,,HD,,realme C51 3GB-64GB,,2 x Cortex A75 1.8 GHz + 6 x Cortex A55 1.8 GHz,,ƒ/2.2,,Android,,,,,8,,,,Trung Quốc,IMG GE8320,Octa-Core,,Android 13.0,,167.2 x 76.7 x 7.99 mm,5.0 MP,Bộ lọc màu,,Unisoc T612,,,,2990000.0,3 GB,,Double rear camera,,6.74 inch,,802.11 a/b/g/n/ac,Đang cập nhật,,,,11/2023,20:15
,Single selfie camera,v5.1,Honor,Cảm biến trọng lực,64 GB,5200 mAh,Ốp lưng,16.7 Triệu,90,,Nhựa,,,Lithium polymer,TFT LCD,2.2 GHz,Không,,,188 g,12,720 x 1612 Pixels,,A-GPS,3G,,,,,Honor X5 Plus 4GB-64GB,,4 x Cortex A53 2.2 GHz + 4 x Cortex A53,,ƒ/2.2,,Android,,,,,8,,,,Trung Quốc,IMG GE8320,Octa-Core,,Android 13.0,,163.32 x 5.07 x 8.35 mm,5.0 MP,Siêu cận (Macro),,MediaTek Helio G36,,,,2290000.0,4 GB,,Double rear camera,,6.56 inch,,802.11 a/b/g/n/ac,,,,,10/2023,20:15
,,v5.0,Nokia,,128 MB,1150 mAh,Tai nghe,256.000,,Kính thường,Mặt lưng máy: Nhựa,,,Lithium-ion,TFT LCD,,MicroSD,,,181 g,12,320 x 240 Pixels,,,4G,,,QVGA,,Nokia 215 DS 4G,2,,1000,,,KaiOS,Cổng sạc: Micro-USB,,2 Nano SIM,,0,32 GB,,,Trung Quốc,,,,Nokia S30+,,106.9 x  75.9 x 8.7 mm,,,,Unisoc T117,,Xem trong sách hướng dẫn sử dụng,Pin có thể tháo rời,990000.0,64 MB,"Để nơi khô ráo, nhẹ tay, dễ vỡ.",,,2.4 inch,,,,,Radio FM,,01/2021,
,,v5.0,Masstel,,128 MB,1800 mAh,Pin rời,16.7 Triệu,,,Mặt lưng máy: Nhựa,,,Lithium-ion,,,,,,137.6 g,12,320 x 240 Pixels,,,4G,,,QVGA,,Masstel Lux 20 4G,2,,,,,,Type C,,2 Nano SIM,,,32 GB,,,Trung Quốc,,,,,,126.5 x 53.8 x 13.4 mm,,,,Unisoc T107,,Xem trong sách hướng dẫn sử dụng,,750000.0,48 MB,"Để nơi khô ráo, nhẹ tay, dễ vỡ.",,,2.4 inch,,,,,,,08/2022,
,,v4.2,Masstel,,24 MB,2000 mAh,Sạc,262.000,,Mặt kính cong 2.5D,Khung máy: Hợp kim nhôm,,,Lithium-ion,TFT LCD,,MicroSD,,,146.2 g,12,176 x 220 Pixels,,,4G,,,QVGA,,Masstel Fami 60 4G,2,,500 Số,,,,Cổng sạc: Type C,,2 Nano SIM,,,32 GB,,,Trung Quốc,,,,,,57.1	x 15.3 x 125.9 mm,,,,Unisoc UIS8910,,Xem trong sách hướng dẫn sử dụng,Pin có thể tháo rời,750000.0,16 MB,"Để nơi khô ráo, nhẹ tay, dễ vỡ.",,,2.0 inch,,,,,Radio FM,,11/2021,
,,v5.0,Nokia,,128 MB,1450 mAh,Pin rời,,,,Nhựa,,,Lithium-ion,,,MicroSD,,,94.5 g,12,120 x 160 Pixels,,,3G,,,QQVGA,,Nokia 110 DS Pro 4G,2,,,,,S30+,Micro-USB,,2 Nano SIM,,,32 GB,,,Trung Quốc,,,,Nokia S30+,,,,,Không,,,Xem trong sách hướng dẫn sử dụng,,720000.0,48 MB,"Để nơi khô ráo, nhẹ tay, dễ vỡ.",,,1.77 inch,,,,,Jack 3.5 mm,,2023,
,,v5.0,Nokia,,128 MB,1450 mAh,Pin rời,,,,Nhựa,,,Lithium-ion,,,MicroSD,,,93 g,12,120 x 160 Pixels,,,3G,,,QQVGA,,Nokia 105 DS Pro 4G,2,,,,,S30+,Micro-USB,,2 Nano SIM,,,32 GB,,,Trung Quốc,,,,Nokia S30+,,121.5 x 50 x 14.4 mm,,,Không,Unisoc T107,,Xem trong sách hướng dẫn sử dụng,,680000.0,48 MB,"Để nơi khô ráo, nhẹ tay, dễ vỡ.",,,1.77 inch,,,,,Jack 3.5 mm,,2023,
Điện dung đa điểm,,,Nokia,,128 MB,1020 mAh,Tai nghe,,,Kính thường,,Có,Mở khóa bằng mật mã,,QQVGA,,MicroSD,,,84.5 g,12,,,,4G,,,QQVGA,,Nokia 110 DS 4G,2,,Tùy bộ nhớ,,,,Audio Jack: Jack 3.5 mm,,2 Nano SIM,,2,32 GB,Standard,,Trung Quốc,,,,Nokia S30+,,121 x 50 x 14.5 mm,0.08 MP,,,Unisoc T107,,,Pin có thể tháo rời,870000.0,48 MB,,Single rear camera,,1.8 inch,,,,,Radio FM,,06/2021,
,,v5.0,Masstel,,256 MB,1400 mAh,Sạc,262.000,,,Khung máy: Kim loại,,,Lithium-ion,QQVGA,,MicroSD,,,124 g,12,160 x 128 Pixels,,,4G,,,QQVGA,,Masstel Fami 12 4G,2,,Tùy bộ nhớ,,,,Audio Jack: Jack 3.5 mm,,2 Nano SIM,,,64 GB,Standard,,Trung Quốc,,,,,,54.5	x 15.3 x 118.3 mm,0.08 MP,,,Unisoc T107,,Xem trong sách hướng dẫn sử dụng,Pin có thể tháo rời,650000.0,48 MB,"Để nơi khô ráo, nhẹ tay, dễ vỡ.",Single rear camera,,1.77 inch,,,,,Radio FM,,02/2022,
,,Có,Masstel,,128 MB,1800 mAh,Pin rời,,,,Nhựa,,,Lithium-ion,QQVGA,,MicroSD,,,102.9 g,12,320 x 240 Pixels,,,4G,,,QQVGA,,Masstel izi 30 4G,2,,500 Số,,,Không,,,2 Nano SIM,,,32 GB,,,Trung Quốc,,,,Không,,128 x 54 x 15 mm,,,,Unisoc UMS9117,,Xem trong sách hướng dẫn sử dụng,,600000.0,48 MB,"Để nơi khô ráo, nhẹ tay, dễ vỡ.",,,2.4 inch,,,,,,,06/2023,
,,v5.0,Masstel,,128 MB,1400 mAh,Pin rời,262.000,,,,,,Lithium-ion,,,,,,97 g,12,320 x 240 Pixels,,,4G,,,QVGA,,Masstel Izi 25 4G,2,,,,,,Micro-USB,,2 Nano SIM,,,32 GB,,,Trung Quốc,,,,,,126 x 53 x 14 mm,,,,Unisoc UMS9117,,Xem trong sách hướng dẫn sử dụng,,600000.0,48 MB,"Để nơi khô ráo, nhẹ tay, dễ vỡ.",,,2.4 inch,,,,,,,2022,
,,v4.1,Masstel,,128 MB,1700 mAh,Sạc,,,Mặt kính cong 2.5D,Nhựa,,,Lithium-ion,TFT LCD,,MicroSD,,,100 g,12,160 x 128 Pixels,,,4G,,,QQVGA,,Masstel Izi 20 4G,2,,500 Số,,,Không,Audio Jack: Jack 3.5 mm,,2 Nano SIM,,,32 GB,,,Trung Quốc,,,,Không,,117.5 x 49.7 x 16.5 mm,,,,Unisoc UMS9117,,Xem trong sách hướng dẫn sử dụng,,500000.0,48 MB,"Để nơi khô ráo, nhẹ tay, dễ vỡ.",,,1.77 inch,,,,,Radio FM,,12/2021,
,,,,,,,,,,,,,,,,,,,,,,,,,,,,,,Xiaomi Poco M4 Pro 5G,,,,,,,,,,,,,,,,,,,,,,,,,,,,,0.0,,,,,,,,,,,,,
,,,,,,,,,,,,,,,,,,,,,,,,,,,,,,OPPO Reno7 Pro 5G,,,,,,,,,,,,,,,,,,,,,,,,,,,,,0.0,,,,,,,,,,,,,
,,,,,,,,,,,,,,,,,,,,,,,,,,,,,,OPPO Reno7 SE 5G,,,,,,,,,,,,,,,,,,,,,,,,,,,,,0.0,,,,,,,,,,,,,
,,,,,,,,,,,,,,,,,,,,,,,,,,,,,,Xiaomi Redmi Note 11T 5G,,,,,,,,,,,,,,,,,,,,,,,,,,,,,0.0,,,,,,,,,,,,,
,,,,,,,,,,,,,,,,,,,,,,,,,,,,,,Xiaomi Redmi Note 11 Pro+,,,,,,,,,,,,,,,,,,,,,,,,,,,,,0.0,,,,,,,,,,,,,
,,,,,,,,,,,,,,,,,,,,,,,,,,,,,,Vivo Z5i,,,,,,,,,,,,,,,,,,,,,,,,,,,,,0.0,,,,,,,,,,,,,
,,,,,,,,,,,,,,,,,,,,,,,,,,,,,,Samsung Galaxy A02,,,,,,,,,,,,,,,,,,,,,,,,,,,,,0.0,,,,,,,,,,,,,
,,,,,,,,,,,,,,,,,,,,,,,,,,,,,,Samsung Galaxy M21s,,,,,,,,,,,,,,,,,,,,,,,,,,,,,0.0,,,,,,,,,,,,,
,,,,,,,,,,,,,,,,,,,,,,,,,,,,,,Honor V40,,,,,,,,,,,,,,,,,,,,,,,,,,,,,0.0,,,,,,,,,,,,,
,,,,,,,,,,,,,,,,,,,,,,,,,,,,,,OPPO K7x,,,,,,,,,,,,,,,,,,,,,,,,,,,,,0.0,,,,,,,,,,,,,
,,,,,,,,,,,,,,,,,,,,,,,,,,,,,,Nokia 8 V 5G UW,,,,,,,,,,,,,,,,,,,,,,,,,,,,,0.0,,,,,,,,,,,,,
,,,,,,,,,,,,,,,,,,,,,,,,,,,,,,Xiaomi Redmi Note 9 5G,,,,,,,,,,,,,,,,,,,,,,,,,,,,,0.0,,,,,,,,,,,,,
,,,,,,,,,,,,,,,,,,,,,,,,,,,,,,Xiaomi Redmi Note 9 Pro 5G,,,,,,,,,,,,,,,,,,,,,,,,,,,,,0.0,,,,,,,,,,,,,
,,,,,,,,,,,,,,,,,,,,,,,,,,,,,,Xiaomi Poco M3,,,,,,,,,,,,,,,,,,,,,,,,,,,,,0.0,,,,,,,,,,,,,
,,,,,,,,,,,,,,,,,,,,,,,,,,,,,,Asus Zenfone 7 Pro ZS671KS,,,,,,,,,,,,,,,,,,,,,,,,,,,,,0.0,,,,,,,,,,,,,
,,,,,,,,,,,,,,,,,,,,,,,,,,,,,,OPPO X 2021,,,,,,,,,,,,,,,,,,,,,,,,,,,,,0.0,,,,,,,,,,,,,
,,,,,,,,,,,,,,,,,,,,,,,,,,,,,,Samsung Galaxy M12,,,,,,,,,,,,,,,,,,,,,,,,,,,,,0.0,,,,,,,,,,,,,
,,,,,,,,,,,,,,,,,,,,,,,,,,,,,,Samsung Galaxy M42,,,,,,,,,,,,,,,,,,,,,,,,,,,,,0.0,,,,,,,,,,,,,
,,,,,,,,,,,,,,,,,,,,,,,,,,,,,,Xiaomi Redmi K40 Pro,,,,,,,,,,,,,,,,,,,,,,,,,,,,,0.0,,,,,,,,,,,,,
,,,,,,,,,,,,,,,,,,,,,,,,,,,,,,Oppo A73 5G,,,,,,,,,,,,,,,,,,,,,,,,,,,,,0.0,,,,,,,,,,,,,
,,,,,,,,,,,,,,,,,,,,,,,,,,,,,,Realme 7 5G,,,,,,,,,,,,,,,,,,,,,,,,,,,,,0.0,,,,,,,,,,,,,
,,,,,,,,,,,,,,,,,,,,,,,,,,,,,,ZTE Blade A7s 2020,,,,,,,,,,,,,,,,,,,,,,,,,,,,,0.0,,,,,,,,,,,,,
,,,,,,,,,,,,,,,,,,,,,,,,,,,,,,Nokia 5.2,,,,,,,,,,,,,,,,,,,,,,,,,,,,,0.0,,,,,,,,,,,,,
,,,,,,,,,,,,,,,,,,,,,,,,,,,,,,Huawei Nova 8 SE,,,,,,,,,,,,,,,,,,,,,,,,,,,,,0.0,,,,,,,,,,,,,
,,,,,,,,,,,,,,,,,,,,,,,,,,,,,,Nokia 225 4G,,,,,,,,,,,,,,,,,,,,,,,,,,,,,0.0,,,,,,,,,,,,,
,,,,,,,,,,,,,,,,,,,,,,,,,,,,,,Nokia 2 V Tella,,,,,,,,,,,,,,,,,,,,,,,,,,,,,0.0,,,,,,,,,,,,,
,,,,,,,,,,,,,,,,,,,,,,,,,,,,,,Wiko Y60,,,,,,,,,,,,,,,,,,,,,,,,,,,,,0.0,,,,,,,,,,,,,
,,,,,,,,,,,,,,,,,,,,,,,,,,,,,,Wiko View3 Lite,,,,,,,,,,,,,,,,,,,,,,,,,,,,,0.0,,,,,,,,,,,,,
,,,,,,,,,,,,,,,,,,,,,,,,,,,,,,Wiko Sunny 4,,,,,,,,,,,,,,,,,,,,,,,,,,,,,0.0,,,,,,,,,,,,,
,,,,,,,,,,,,,,,,,,,,,,,,,,,,,,OnePlus 8T+ 5G,,,,,,,,,,,,,,,,,,,,,,,,,,,,,0.0,,,,,,,,,,,,,
,,,,,,,,,,,,,,,,,,,,,,,,,,,,,,OnePlus Nord N100,,,,,,,,,,,,,,,,,,,,,,,,,,,,,0.0,,,,,,,,,,,,,
,,,,,,,,,,,,,,,,,,,,,,,,,,,,,,OnePlus 8T,,,,,,,,,,,,,,,,,,,,,,,,,,,,,0.0,,,,,,,,,,,,,
,,,,,,,,,,,,,,,,,,,,,,,,,,,,,,OnePlus 9,,,,,,,,,,,,,,,,,,,,,,,,,,,,,0.0,,,,,,,,,,,,,
,,,,,,,,,,,,,,,,,,,,,,,,,,,,,,Realme C15 Qualcomm Edition,,,,,,,,,,,,,,,,,,,,,,,,,,,,,0.0,,,,,,,,,,,,,
,,,,,,,,,,,,,,,,,,,,,,,,,,,,,,LG Q52,,,,,,,,,,,,,,,,,,,,,,,,,,,,,0.0,,,,,,,,,,,,,
,,,,,,,,,,,,,,,,,,,,,,,,,,,,,,Huawei Mate 40 RS Porsche Design,,,,,,,,,,,,,,,,,,,,,,,,,,,,,0.0,,,,,,,,,,,,,
,,,,,,,,,,,,,,,,,,,,,,,,,,,,,,Huawei Mate 30E Pro 5G,,,,,,,,,,,,,,,,,,,,,,,,,,,,,0.0,,,,,,,,,,,,,
,,,,,,,,,,,,,,,,,,,,,,,,,,,,,,Vivo Y9s,,,,,,,,,,,,,,,,,,,,,,,,,,,,,0.0,,,,,,,,,,,,,
,,,,,,,,,,,,,,,,,,,,,,,,,,,,,,Realme X3,,,,,,,,,,,,,,,,,,,,,,,,,,,,,0.0,,,,,,,,,,,,,
,,,,,,,,,,,,,,,,,,,,,,,,,,,,,,Xiaomi Black Shark 2,,,,,,,,,,,,,,,,,,,,,,,,,,,,,0.0,,,,,,,,,,,,,
,,,,,,,,,,,,,,,,,,,,,,,,,,,,,,Xiaomi Black Shark 2 Pro,,,,,,,,,,,,,,,,,,,,,,,,,,,,,0.0,,,,,,,,,,,,,
,,,,,,,,,,,,,,,,,,,,,,,,,,,,,,Huawei Nova 5i Pro,,,,,,,,,,,,,,,,,,,,,,,,,,,,,0.0,,,,,,,,,,,,,
,,,,,,,,,,,,,,,,,,,,,,,,,,,,,,Huawei Nova 5 Pro,,,,,,,,,,,,,,,,,,,,,,,,,,,,,0.0,,,,,,,,,,,,,
,,,Vivo,,,,,,,,,,,,,,,,,,,,,,,,,,,Vivo V17 6GB-128GB,,,,,,,,,,,,,,,,,,,,,,,,,,,,,0.0,,,,,,,,,,,,,
,,,,,,,,,,,,,,,,,,,,,,,,,,,,,,Huawei Enjoy 10 Plus,,,,,,,,,,,,,,,,,,,,,,,,,,,,,0.0,,,,,,,,,,,,,
,,,,,,,,,,,,,,,,,,,,,,,,,,,,,,Xiaomi Mi Mix Alpha,,,,,,,,,,,,,,,,,,,,,,,,,,,,,0.0,,,,,,,,,,,,,
,,,,,,,,,,,,,,,,,,,,,,,,,,,,,,Xiaomi Redmi K20 Pro Premium,,,,,,,,,,,,,,,,,,,,,,,,,,,,,0.0,,,,,,,,,,,,,
